[
    
    {
        "name": "👌🏻OK影视",
        "list": [
            {
                "name": "📺️电视版",
                "url": "https://gh-proxy.com/github.com/SimonWang911/simonwangsub/raw/refs/heads/main/appupdate/OKJack/leanback-arm64_v8a-2.8.8.apk",
                "icon": "https://gh-proxy.com/github.com/SimonWang911/simonwangsub/blob/main/logo/tv.png",
                "version": "2.8.8|64位(推荐)"
            },
            {
                "name": "📺️电视版",
                "url": "https://gh-proxy.com/github.com/SimonWang911/simonwangsub/raw/refs/heads/main/appupdate/OKJack/leanback-armeabi_v7a-2.8.8.apk",
                "icon": "https://gh-proxy.com/github.com/SimonWang911/simonwangsub/blob/main/logo/tv.png",
                "version": "2.8.8|32位"
            },
            {
                "name": "📺️电视版",
                "url": "https://gh-proxy.com/github.com/SimonWang911/simonwangsub/raw/refs/heads/main/appupdate/OKJack/%E6%B5%B7%E4%BF%A1%E4%B8%93%E7%89%88-OK%E5%BD%B1%E8%A7%86-2.8.8.apk",
                "icon": "https://gh-proxy.com/github.com/SimonWang911/simonwangsub/blob/main/logo/tv.png",
                "version": "2.8.8|海信专版"
            },
            {
                "name": "📱手机版",
                "url": "https://gh-proxy.com/github.com/SimonWang911/simonwangsub/raw/refs/heads/main/appupdate/OKJack/mobile-arm64_v8a-2.8.8.apk",
                "icon": "https://gh-proxy.com/github.com/SimonWang911/simonwangsub/blob/main/logo/phone.png",
                "version": "2.8.8|64位(推荐)"
            },
            {
                "name": "📱手机版",
                "url": "https://gh-proxy.com/github.com/SimonWang911/simonwangsub/raw/refs/heads/main/appupdate/OKJack/mobile-armeabi_v7a-2.8.8.apk",
                "icon": "https://gh-proxy.com/github.com/SimonWang911/simonwangsub/blob/main/logo/phone.png",
                "version": "2.8.8|32位"
            }
        ]
    },
    {
        "name": "👌🏻OK影视Pro",
        "list": [
            {
                "name": "📱手机版",
                "url": "https://gh-proxy.com/github.com/SimonWang911/simonwangsub/raw/refs/heads/main/appupdate/OKJack/OK%E5%BD%B1%E8%A7%86Pro-%E6%89%8B%E6%9C%BA%E7%89%88----3.2.8.apk",
                "icon": "https://gh-proxy.com/github.com/SimonWang911/simonwangsub/blob/main/logo/phone.png",
                "version": "3.2.8|64位"
            },
            {
                "name": "📺电视版",
                "url": "https://gh-proxy.com/github.com/SimonWang911/simonwangsub/raw/refs/heads/main/appupdate/OKJack/OK%E5%BD%B1%E8%A7%86Pro-%E7%94%B5%E8%A7%86%E7%89%88---3.2.8.apk",
                "icon": "https://gh-proxy.com/github.com/SimonWang911/simonwangsub/blob/main/logo/tv.png",
                "version": "3.2.8|32位"
            },
            {
                "name": "🖥️模拟器版",
                "url": "https://gh-proxy.com/github.com/SimonWang911/simonwangsub/raw/refs/heads/main/appupdate/OKJack/OK%E5%BD%B1%E8%A7%86Pro-%E7%94%B5%E8%A7%86%E7%89%88---3.2.8.apk",
                "icon": "https://gh-proxy.com/github.com/SimonWang911/simonwangsub/blob/main/logo/pc.png",
                "version": "3.2.8|64位"
            }
        ]
    },
    {
        "name": "🐝FongMI影视",
        "list": [
            {
                "name": "📺️电视版",
                "url": "https://gh-proxy.com/github.com/SimonWang911/simonwangsub/raw/refs/heads/main/appupdate/FongMi/leanback-arm64_v8a.apk",
                "icon": "https://gh-proxy.com/github.com/SimonWang911/simonwangsub/blob/main/logo/tv.png",
                "version": "3.7.2|64位(推荐)"
            },
            {
                "name": "📺️电视版",
                "url": "https://gh-proxy.com/github.com/SimonWang911/simonwangsub/raw/refs/heads/main/appupdate/FongMi/leanback-armeabi_v7a.apk",
                "icon": "https://gh-proxy.com/github.com/SimonWang911/simonwangsub/blob/main/logo/tv.png",
                "version": "3.7.2|32位"
            },
            {
                "name": "📱手机版",
                "url": "https://gh-proxy.com/github.com/SimonWang911/simonwangsub/raw/refs/heads/main/appupdate/FongMi/mobile-arm64_v8a.apk",
                "icon": "https://gh-proxy.com/github.com/SimonWang911/simonwangsub/blob/main/logo/phone.png",
                "version": "3.7.2|64位(推荐)"
            },
            {
                "name": "📱手机版",
                "url": "https://gh-proxy.com/github.com/SimonWang911/simonwangsub/raw/refs/heads/main/appupdate/FongMi/mobile-armeabi_v7a.apk",
                "icon": "https://gh-proxy.com/github.com/SimonWang911/simonwangsub/blob/main/logo/phone.png",
                "version": "3.7.2|32位"
            }
        ]
    },
    {
        "name": "🐹影视仓",
        "list": [
            {
                "name": "📺电视版",
                "url": "https://gh-proxy.com/github.com/SimonWang911/simonwangsub/raw/refs/heads/main/appupdate/YingShiCang/%E5%BD%B1%E8%A7%86%E4%BB%93%E7%94%B5%E8%A7%86%E7%89%886.0.5.1.apk",
                "icon": "https://gh-proxy.com/github.com/SimonWang911/simonwangsub/blob/main/logo/tv.png",
                "version": "6.0.5.1"
            },
            {
                "name": "📱手机版",
                "url": "https://gh-proxy.com/github.com/SimonWang911/simonwangsub/raw/refs/heads/main/appupdate/YingShiCang/%E5%BD%B1%E8%A7%86%E4%BB%93-3.0.9.1.apk",
                "icon": "https://gh-proxy.com/github.com/SimonWang911/simonwangsub/blob/main/logo/phone.png",
                "version": "3.0.9.1"
            },
            {
                "name": "🎮️游戏版",
                "url": "https://gh-proxy.com/github.com/SimonWang911/simonwangsub/raw/refs/heads/main/appupdate/YingShiCang/%E5%BD%B1%E8%A7%86%E4%BB%93_2.0.99.apk",
                "icon": "https://gh-proxy.com/github.com/SimonWang911/simonwangsub/blob/main/logo/phone.png",
                "version": "2.0.99"
            }
        ]
    },
    {
        "name": "🕋takagen99",
        "list": [
            {
                "name": "📺️通用版",
                "url": "https://gh-proxy.com/github.com/SimonWang911/simonwangsub/raw/refs/heads/main/appupdate/takagen99/TVBox_takagen99_20250415-0032-arm64-generic-python.apk",
                "icon": "https://gh-proxy.com/github.com/SimonWang911/simonwangsub/blob/main/logo/tv.png",
                "version": "0415|64位(推荐)"
            },
            {
                "name": "📺️海信版",
                "url": "https://gh-proxy.com/github.com/SimonWang911/simonwangsub/raw/refs/heads/main/appupdate/takagen99/TVBox_takagen99_20250415-0032-arm64-hisense-python.apk",
                "icon": "https://gh-proxy.com/github.com/SimonWang911/simonwangsub/blob/main/logo/tv.png",
                "version": "0415|64位"
            },
            {
                "name": "📺️通用版",
                "url": "https://gh-proxy.com/github.com/SimonWang911/simonwangsub/raw/refs/heads/main/appupdate/takagen99/TVBox_takagen99_20250415-0032-armeabi-generic-python.apk",
                "icon": "https://gh-proxy.com/github.com/SimonWang911/simonwangsub/blob/main/logo/tv.png",
                "version": "0415|32位"
            },
            {
                "name": "📺️海信版",
                "url": "https://gh-proxy.com/github.com/SimonWang911/simonwangsub/raw/refs/heads/main/appupdate/takagen99/TVBox_takagen99_20250415-0032-armeabi-hisense-python.apk",
                "icon": "https://gh-proxy.com/github.com/SimonWang911/simonwangsub/blob/main/logo/tv.png",
                "version": "0415|32位"
            }
        ]
    },
    {
        "name": "TVBOX",
        "list": [
            {
                "name": "📺️Python版",
                "url": "https://gh-proxy.com/github.com/SimonWang911/simonwangsub/raw/refs/heads/main/appupdate/q215613905/TVBox_q215613905_20250420-1650-python.apk",
                "icon": "https://gh-proxy.com/github.com/SimonWang911/simonwangsub/blob/main/logo/tv.png",
                "version": "042|(推荐)"
            },
            {
                "name": "📺️Java版",
                "url": "https://gh-proxy.com/github.com/SimonWang911/simonwangsub/raw/refs/heads/main/appupdate/q215613905/TVBox_q215613905_20250420-1650-java.apk",
                "icon": "https://gh-proxy.com/github.com/SimonWang911/simonwangsub/blob/main/logo/tv.png",
                "version": "042"
            }
        ]
    },
    {
        "name": "🎧️洛雪音乐",
        "list": [
            {
                "name": "🎧️正式版",
                "url": "https://gh-proxy.com/github.com/SimonWang911/simonwangsub/raw/refs/heads/main/appupdate/LXMusic/lx-music-mobile-v1.7.0-arm64-v8a.apk",
                "icon": "https://gh-proxy.com/github.com/SimonWang911/simonwangsub/blob/main/logo/luoxue.png",
                "version": "1.7.0|64位"
            },
            {
                "name": "🎧️正式版",
                "url": "https://gh-proxy.com/github.com/SimonWang911/simonwangsub/raw/refs/heads/main/appupdate/LXMusic/lx-music-mobile-v1.7.0-armeabi-v7a.apk",
                "icon": "https://gh-proxy.com/github.com/SimonWang911/simonwangsub/blob/main/logo/luoxue.png",
                "version": "1.7.0|32位"
            },
            {
                "name": "🎧️Bate版",
                "url": "https://gh-proxy.com/github.com/SimonWang911/simonwangsub/raw/refs/heads/main/appupdate/LXMusic/lx-music-mobile-v1.7.1-beta.3-arm64-v8a.apk",
                "icon": "https://gh-proxy.com/github.com/SimonWang911/simonwangsub/blob/main/logo/luoxue.png",
                "version": "1.7.1|64位"
            },
            {
                "name": "🎧️Bate版",
                "url": "https://github.com/SimonWang911/simonwangsub/raw/refs/heads/main/appupdate/LXMusic/lx-music-mobile-v1.7.1-beta.3-armeabi-v7a.apk",
                "icon": "https://gh-proxy.com/github.com/SimonWang911/simonwangsub/blob/main/logo/luoxue.png",
                "version": "1.7.1|32位"
            }
        ]
    }
]