[
    {
        "name": "我的网盘",
        "folders": [
            {
                "shareId": "self",
                "folder": "0"
            }
        ]
    },{
        "name": "柠檬",
        "folders": [
            {
                "shareId": "1c5376bae8c4",
                "folder": "0"
            }
        ]
    },
    {
        "name": "幼儿教育",
        "folders": [
            {
                "shareId": "a08f66152533",
                "folder": "0"
            }
        ]
    }
   
        ]
    }
]
