{
    "spider": "./jar/spider.jar",
    "wallpaper": "https://img.xjh.me/random_img.php?type=bg&ctype=nature&return=302",
    "logo": "",
    "sites": [
    
 {
            "key": "豆瓣",
            "name": "❗❗请勿相信任何广告 808",
            "type": 3,
            "api": "csp_Douban",
            "searchable": 0
        },{
            "key": "配置中心",
            "name": "配置｜中心",
            "type": 3,
            "api": "csp_Config",
            "searchable": 0,
            "changeable": 0,
            "indexs": 0,
            "style": {
                "type": "rect",
                "ratio": 1.597
            }
        },{
            "key": "夸克云盘",
            "name": "夸克｜云盘",
            "type": 3,
            "api": "csp_PanQuark",
            "searchable": 0,
            "filterable": 0,
            "changeable": 0,
            "style": {
                "type": "list",
                "ratio": 1.433
            },
            "ext": "./json/quarkShare.json"
        },
        {
            "key": "UC",
            "name": "UC｜云盘",
            "type": 3,
            "api": "csp_PanUc",
            "searchable": 0,
            "filterable": 0,
            "changeable": 0,
            "style": {
                "type": "list",
                "ratio": 1.433
            },
            "ext": "./json/ucShare.json"
        },
        {
            "key": "百度云盘",
            "name": "百度｜云盘",
            "type": 3,
            "api": "csp_PanBaiDu",
            "searchable": 0,
            "filterable": 0,
            "changeable": 0,
            "style": {
                "type": "list",
                "ratio": 1.433
            }
        },
        {
            "key": "预告",
            "name": "新片｜预告",
            "type": 3,
            "api": "csp_YGP",
            "searchable": 0
        },
        {
            "key": "本地",
            "name": "本地｜视频",
            "type": 3,
            "api": "csp_LocalFile"
        },
        
        
        
       {
      "key": "txt",
      "name": "🥝🥝🥝🥝🥝🥝|官源解析",
      "type": 3,
      "api": "csp_XPath",
      "searchable": 0,
      "quickSearch": 0,
      "changeable": 0
    }, 
        
        {
            "key": "腾讯视频",
            "name": "腾讯｜视频",
            "type": 3,"searchable": 0,
      "quickSearch": 0,
      "changeable": 0,
            "api": "./js/drpy2.min.js",
            "ext": "./js/腾讯视频.js"
        },
        {
            "key": "优酷视频",
            "name": "优酷｜视频",
            "type": 3,"searchable": 0,
      "quickSearch": 0,
      "changeable": 0,
            "api": "./js/drpy2.min.js",
            "ext": "./js/优酷视频.js"
        },
        {
            "key": "芒果视频",
            "name": "芒果｜视频",
            "type": 3,"searchable": 0,
      "quickSearch": 0,
      "changeable": 0,
            "api": "./js/drpy2.min.js",
            "ext": "./js/芒果视频.js"
        },
        {
            "key": "爱奇艺",
            "name": "爱奇异｜视频",
            "type": 3,"searchable": 0,
      "quickSearch": 0,
      "changeable": 0,
            "api": "./js/drpy2.min.js",
            "ext": "./js/爱奇艺.js"
        },
        {
            "key": "三六零",
            "name": "三六零｜视频",
            "type": 3,"searchable": 0,
      "quickSearch": 0,
      "changeable": 0,
            "api": "csp_SP360"
        },
       {
			"key": "hipy_js_哔哩影视[官]d",
			"name": "🎦哔哩影视[官]",
			"type": 3,
			"api": "./drpy/drpy2.min.js",
			"searchable": 1,
			"quickSearch": 1,
			"filterable": 1,
			"order_num": 0,
			"ext": "./js/哔哩影视[官].js"
		}, 
        
        
        {
      "key": "txt1",
      "name": "📺📺📺📺📺📺|点播",
      "type": 3,
      "api": "csp_XPath",
      "searchable": 0,
      "quickSearch": 0,
      "changeable": 0
    },
        
   {
            "key": "金牌影视",
            "name": "金牌｜影视",
            "type": 3,
            "api": "./py/金牌影视.py",
            "searchable": 1,
            "quickSearch": 1,
            "filterable": 1,
            "ext": {
                "site": "https://m.hkybqufgh.com,https://m.sizhengxt.com,https://m.9zhoukj.com,https://m.sizhengxt.com,https://m.jiabaide.cn"
            }
        },{
      "key": "立播弹幕改",
      "name": "🌟立播┃秒播",
      "type": 3,"jar": "./jar/X401.jar",
      "api": "csp_Libvio",
      "searchable": 1,
      "filterable": 1,
      "changeable": 1,
      "ext": {
        "token": "http://127.0.0.1:9978/file/TVBox/token.txt",
        "cookie": "http://127.0.0.1:9978/file/TVBox/quark.txt",
        "uc_cookie": "http://127.0.0.1:9978/file/TVBox/uc.txt",
        "site": "https://www.libvio.cc",
        "danmu": true
      }
    },
        {
            "key": "猎手影视",
            "name": "猎手｜影视",
            "type": 3,
            "api": "./py/猎手影视.py",
            "searchable": 1,
            "changeable": 1,
            "quickSearch": 1,
            "filterable": 1
        },{"key":"潮流","name":"🏜┃潮流┃APP","type":3,"jar": "./jar/Fei8.jar","api":"csp_AppRJ","ext":"http://v.rbotv.cn"},{"key":"梦回","name":"🏈┃梦回┃APP","type":3,"jar": "./jar/Fei8.jar","api":"csp_AppRJ","ext":"http://v.lkuys.cn"},{"key":"星辉","name":"🦢┃星辉┃APP","type":3,"jar": "./jar/Fei8.jar","api":"csp_AppRJ","ext":"http://tt.ysdqjs.cn"},{"key":"肥猫","name":"🐼┃肥猫┃APP","type":3,"jar": "./jar/Fei8.jar","api":"csp_AppGet","ext":{"url":"https://mac.555618.xyz","dataKey":"#getapp@TMD@2025","siteApi":"get","version":"201"}},{"key":"干饭","name":"🍚┃干饭┃APP","type":3,"jar": "./jar/Fei8.jar","api":"csp_AppGet","ext":{"url":"http://110.42.53.99:1080","dataKey":"staraugust123456","siteApi":"qiji","version":"301"}},{"key":"光盘","name":"📀┃光盘┃APP","type":3,"jar": "./jar/Fei8.jar","api":"csp_AppGet","ext":{"url":"https://appcms.rx4k.top","dataKey":"ZX10ysTYZWtIJCTU","siteApi":"qiji","version":"120"}},{"key":"行动","name":"😌┃行动┃APP","type":3,"jar": "./jar/Fei8.jar","api":"csp_AppGet","ext":{"url":"https://vip.123pan.cn/1848451100/zl/xfdd.txt","dataKey":"xasdasdqwertyuio","siteApi":"get","version":""}},{"key":"一碗","name":"🥣┃一碗┃APP","type":3,"jar": "./jar/Fei8.jar","api":"csp_AppGet","ext":{"url":"http://122.228.193.2:9654","dataKey":"ca94b06ca3c7d80e","siteApi":"get","version":"119"}},{"key":"仓鼠","name":"🐹┃耗子┃APP","type":3,"jar": "./jar/Fei8.jar","api":"csp_AppGet","ext":{"url":"https://lanyinghz.oss-cn-hangzhou.aliyuncs.com/lanyingxmy.txt","dataKey":"ca94b06ca359d80e","siteApi":"qiji","version":""}},{"key":"蔬菜","name":"🫛┃蔬菜┃APP","type":3,"jar": "./jar/Fei8.jar","api":"csp_AppGet","ext":{"url":"http://huohu.yihn.cc","dataKey":"huohushipingetap","siteApi":"get","version":"140"}},{"key":"优优","name":"💯┃优优┃APP","type":3,"jar": "./jar/Fei8.jar","api":"csp_AppGet","ext":{"url":"https://apiapplbys.lbys.app:5678","dataKey":"apiapplbyskey168","siteApi":"get","version":"107"}},{"key":"csp_Wwys","name":"🌾️┃农民┃影视","type":3,"jar": "./jar/Fei8.jar","api":"csp_Wwys","ext":"https://www.wwgz.cn"},{"key":"csp_Xlys","name":"🏔️┃修罗┃磁力","type":3,"jar": "./jar/Fei8.jar","api":"csp_Xlys","ext":"https://xl01.com.de"},{"key":"csp_Tvyb","name":"☁️️┃云播┃影视","type":3,"jar": "./jar/Fei8.jar","api":"csp_Tvyb"},
        {
            "key": "零度影视",
            "name": "零度｜影视",
            "type": 3,
            "api": "./py/零度影视.py",
            "searchable": 1,
            "changeable": 1,
            "quickSearch": 1,
            "filterable": 1
        },
        {
            "key": "追星影视",
            "name": "追星｜影视",
            "type": 3,
            "api": "./py/追星影视.py",
            "searchable": 1,
            "changeable": 1,
            "quickSearch": 1,
            "filterable": 1
        },
        {
            "key": "厂长影视",
            "name": "厂长｜影视",
            "type": 3,
            "playerType": "2",
            "api": "csp_Czsapp",
            "searchable": 1,
            "quickSearch": 1,
            "filterable": 1,
            "ext": "https://www.czzymovie.com/"
        },

        {
            "key": "云播影视",
            "name": "云播｜影视",
            "type": 3,
            "api": "csp_Tvyb",
            "ext": "http://www.viptv01.com"
        },
        {
            "key": "奇优影视",
            "name": "奇优｜影视",
            "type": 3,
            "api": "csp_Qiyou"
        },
        {
            "key": "苹果影视",
            "name": "苹果｜影视",
            "type": 3,
            "api": "csp_LiteApple",
            "searchable": 1,
            "quickSearch": 1,
            "filterable": 1
        },     
        {
            "key": "热播影视",
            "name": "热播｜APP",
            "type": 3,
            "api": "csp_AppRJ",
            "searchable": 1,
            "quickSearch": 1,
            "filterable": 0,
            "ext": {
                "url": "http://v.rbotv.cn"
            }
        },
        {
            "key": "天天影视",
            "name": "天天｜APP",
            "type": 3,
            "api": "csp_AppRJ",
            "searchable": 1,
            "quickSearch": 1,
            "filterable": 0,
            "ext": {
                "url": "http://tt.ysdqjs.cn"
            }
        },
        {
            "key": "浪酷影视",
            "name": "浪酷｜APP",
            "type": 3,
            "api": "csp_AppRJ",
            "searchable": 1,
            "quickSearch": 1,
            "filterable": 0,
            "ext": {
                "url": "http://v.lkuys.cn"
            }
        },
        {
            "key": "星河",
            "name": "星河｜APP",
            "type": 3,
            "quickSearch": 1,
            "api": "csp_AppSy",
            "ext": {
                "url": "http://192.140.161.171:2563",
                "key1": "aassddwwxxllsx1x",
                "key2": "aassddwwxxllsx1x",
                "key3": "aassddwwxxllsx1x"
            }
        },
        {
            "key": "乐达",
            "name": "乐达｜APP",
            "type": 3,
            "quickSearch": 1,
            "api": "csp_AppGet",
            "ext": {
                "url": "https://ledayy.com",
                "site": "",
                "dataKey": "hjjp68c2okw12345",
                "dataIv": "hjjp68c2okw12345",
                "deviceId": "",
                "version": ""
            }
        },
        {
            "key": "灵虎",
            "name": "灵虎｜APP",
            "type": 3,
            "quickSearch": 1,
            "api": "csp_AppGet",
            "ext": {
                "url": "",
                "site": "https://bind.315999.xyz/89.txt",
                "dataKey": "#getapp@TMD@2025",
                "dataIv": "#getapp@TMD@2025",
                "deviceId": "",
                "version": "120"
            }
        },
        {
            "key": "旗星",
            "name": "旗星｜APP",
            "type": 3,
            "quickSearch": 1,
            "api": "csp_AppGet",
            "ext": {
                "url": "http://ys.qist.top",
                "site": "",
                "dataKey": "2SWSPFxugBLPPOKo",
                "dataIv": "2SWSPFxugBLPPOKo",
                "deviceId": "",
                "version": "120"
            }
        },
        {
            "key": "云云",
            "name": "云云｜APP",
            "type": 3,
            "quickSearch": 1,
            "api": "csp_AppGet2",
            "ext": {
                "url": "",
                "site": "https://staraugust123456.oss-cn-hangzhou.aliyuncs.com/1.txt",
                "dataKey": "staraugust123456",
                "dataIv": "staraugust123456",
                "deviceId": "",
                "version": "120"
            }
        },
        {
            "key": "光影",
            "name": "光影｜APP",
            "type": 3,
            "quickSearch": 1,
            "api": "csp_AppGet",
            "ext": {
                "url": "https://www.guangyingmi.com",
                "dataKey": "230fnsodfsdhfon2",
                "dataIv": "230fnsodfsdhfon2",
                "deviceId": "",
                "version": ""
            }
        },
        {
            "key": "火猫",
            "name": "火猫丨APP",
            "type": 3,
            "quickSearch": 1,
            "api": "csp_AppGet",
            "ext": {
                "url": "",
                "site": "https://cunchu8.obs.cn-north-4.myhuaweicloud.com/03.txt",
                "dataKey": "J6AIORKJ3PQOJKM9",
                "dataIv": "J6AIORKJ3PQOJKM9",
                "deviceId": "",
                "version": ""
            }
        },
        {
            "key": "若雪",
            "name": "若雪丨APP",
            "type": 3,
            "quickSearch": 1,
            "api": "csp_AppGet2",
            "ext": {
                "url": "https://appcms.rx4k.top",
                "site": "",
                "dataKey": "ZX10ysTYZWtIJCTU",
                "dataIv": "ZX10ysTYZWtIJCTU",
                "deviceId": "",
                "version": "120"
            }
        },
        
        {
            "key": "丫丫",
            "name": "丫丫｜APP",
            "type": 3,
            "quickSearch": 1,
            "api": "csp_AppGet",
            "ext": {
                "url": "http://tv.yy-fun.cc",
                "dataKey": "qkxnwkfjwpcnwycl",
                "dataIv": "qkxnwkfjwpcnwycl",
                "deviceId": "",
                "version": ""
            }
        },
        {
            "key": "爱看",
            "name": "爱看丨APP",
            "type": 3,
            "quickSearch": 1,
            "api": "csp_AppGet",
            "ext": {
                "url": "http://154.37.220.65",
                "dataKey": "uI1TkPJC8B46AyN3",
                "dataIv": "uI1TkPJC8B46AyN3",
                "deviceId": "2112fc5eac600314ba95c4d65da9286b3",
                "version": "120"
            }
        },
        {
            "key": "蓝光",
            "name": "蓝光｜APP",
            "type": 3,
            "quickSearch": 1,
            "api": "csp_AppGet",
            "ext": {
                "url": "http://122.228.193.2:9654",
                "dataKey": "ca94b06ca3c7d80e",
                "dataIv": "ca94b06ca3c7d80e",
                "deviceId": "",
                "version": "119"
            }
        },
        {
            "key": "豆丁",
            "name": "豆丁｜APP",
            "type": 3,
            "quickSearch": 1,
            "api": "csp_AppGet",
            "ext": {
                "url": "",
                "site": "https://vip.123pan.cn/1848451100/zl/xfdd.txt",
                "dataKey": "xasdasdqwertyuio",
                "dataIv": "xasdasdqwertyuio",
                "deviceId": "",
                "version": ""
            }
        },
        {
            "key": "蓝鹰",
            "name": "蓝鹰｜APP",
            "type": 3,
            "quickSearch": 1,
            "api": "csp_AppGet2",
            "ext": {
                "url": "",
                "site": "https://lanyinghz.oss-cn-hangzhou.aliyuncs.com/lanyingxmy.txt",
                "dataKey": "ca94b06ca359d80e",
                "dataIv": "ca94b06ca359d80e",
                "deviceId": "",
                "version": "120"
            }
        },
        {
            "key": "仓鼠",
            "name": "仓鼠｜APP",
            "type": 3,
            "quickSearch": 1,
            "api": "csp_AppGet2",
            "ext": {
                "url": "",
                "site": "https://ceshi307386.oss-cn-beijing.aliyuncs.com/csurl.txt",
                "dataKey": "Z98KXaLtO2wC1Pte",
                "dataIv": "Z98KXaLtO2wC1Pte",
                "deviceId": "",
                "version": "120"
            }
        },
        {
            "key": "鲸鱼",
            "name": "鲸鱼｜APP",
            "type": 3,
            "quickSearch": 1,
            "api": "csp_AppGet2",
            "ext": {
                "url": "",
                "site": "https://jingyu4k-1312635929.cos.ap-nanjing.myqcloud.com/1.json",
                "dataKey": "AAdgrdghjfgswerA",
                "dataIv": "AAdgrdghjfgswerA",
                "deviceId": "",
                "version": ""
            }
        },
        {
            "key": "米诺",
            "name": "米诺｜APP",
            "type": 3,
            "quickSearch": 1,
            "api": "csp_AppGet",
            "ext": {
                "url": "http://www.milkidc.cn",
                "dataKey": "20c79c979da8db0f",
                "dataIv": "20c79c979da8db0f",
                "deviceId": "",
                "version": ""
            }
        },
        
        {
            "key": "瓜萌",
            "name": "瓜萌｜APP",
            "type": 3,
            "quickSearch": 1,
            "api": "csp_AppGet",
            "ext": {
                "url": "",
                "site": "https://www.guahd.com/1.txt",
                "dataKey": "f2A7D4B9E8C16531",
                "dataIv": "f2A7D4B9E8C16531",
                "deviceId": "",
                "version": ""
            }
        },
        {
            "key": "晴天",
            "name": "晴天｜APP",
            "type": 3,
            "quickSearch": 1,
            "api": "csp_AppGet",
            "ext": {
                "url": "https://qjappcms.sun4k.top",
                "dataKey": "sBxqXVF5pAHbGzrH",
                "dataIv": "sBxqXVF5pAHbGzrH",
                "deviceId": "",
                "version": "119"
            }
        },
        {
            "key": "橘子",
            "name": "橘子｜APP",
            "type": 3,
            "quickSearch": 1,
            "api": "csp_AppGet",
            "ext": {
                "url": "",
                "site": "http://t.bffree.cn/1.txt",
                "dataKey": "2015692015692015",
                "dataIv": "2015692015692015",
                "deviceId": "",
                "version": "300"
            }
        },
        {
            "key": "萝卜",
            "name": "萝卜｜APP",
            "type": 3,
            "quickSearch": 1,
            "api": "csp_AppGet",
            "ext": {
                "url": "https://apiapplbys.lbys.app:5678",
                "dataKey": "apiapplbyskey168",
                "dataIv": "apiapplbyskey168",
                "deviceId": "",
                "version": "107"
            }
        },
        {
            "key": "米兔",
            "name": "米兔｜APP",
            "type": 3,
            "quickSearch": 1,
            "api": "csp_AppGet",
            "ext": {
                "url": "https://new.tkbot.fun",
                "dataKey": "d032c12876bc6848",
                "dataIv": "d032c12876bc6848",
                "deviceId": "",
                "version": "200"
            }
        },
        
        {
            "key": "白蛇",
            "name": "白蛇｜APP",
            "type": 3,
            "quickSearch": 1,
            "api": "csp_AppGet",
            "ext": {
                "url": "",
                "site": "http://tengxunyunaliyun.oss-cn-shanghai.aliyuncs.com/tengxunyun.txt",
                "dataKey": "n3l2tx5jdkp9s2c8",
                "dataIv": "n3l2tx5jdkp9s2c8",
                "deviceId": "",
                "version": "361"
            }
        },
        {
            "key": "若惜",
            "name": "若惜｜APP",
            "type": 3,
            "quickSearch": 1,
            "api": "csp_AppGet",
            "ext": {
                "url": "http://110.40.59.188:9527",
                "dataKey": "ebad3f1a58b13933",
                "dataIv": "ebad3f1a58b13933",
                "deviceId": "",
                "version": ""
            }
        },
        {
            "key": "外剧",
            "name": "外剧｜APP",
            "type": 3,
            "quickSearch": 1,
            "api": "csp_AppGet",
            "ext": {
                "url": "https://guowaiju.com",
                "dataKey": "7xv16h7qgkrs9b1p",
                "dataIv": "7xv16h7qgkrs9b1p",
                "deviceId": "",
                "version": ""
            }
        },
{
      "key": "移动",
      "name": "移动｜APP",
      "type": 3,
      "api": "csp_YD",
      "searchable": 1,
      "quickSearch": 1
    },
 {
            "key": "全网影视",
            "name": "全看｜影视",
            "type": 3,
            "api": "csp_Quanwk",
            "ext": "https://www.91qkw.com"
        },
        {
            "key": "饺子影视",
            "name": "饺子｜影视",
            "type": 3,
            "api": "csp_Jiaozi"
        },
        {
            "key": "鸭梨影视",
            "name": "鸭梨｜影视",
            "type": 3,
            "api": "csp_KmeiJu"
        },
        {
            "key": "白白影视",
            "name": "白白｜影视",
            "type": 3,
            "api": "csp_SuBaiBai",
            "ext": "https://www.subaibai.com"
        },
        {
            "key": "低端影视",
            "name": "低端｜影视",
            "type": 3,
            "api": "csp_Ddys",
            "searchable": 1,
            "quickSearch": 1,
            "filterable": 1
        },

        {
            "key": "瓜子影视",
            "name": "瓜子｜影视",
            "type": 3,
            "api": "csp_Gz360",
            "searchable": 1,
            "quickSearch": 1,
            "filterable": 1
        },
        {
            "key": "爱看机器人",
            "name": "爱看｜影视",
            "type": 3,
            "api": "csp_Ikanbot",
            "searchable": 1,
            "quickSearch": 1,
            "filterable": 1
        },
        {
            "key": "明星影视",
            "name": "明星｜影视",
            "type": 3,
            "api": "csp_HBPQ",
            "ext": "./XBPQ/明星影视.json"
        },
        {
            "key": "麦田影视",
            "name": "麦田｜影视",
            "type": 3,
            "api": "csp_HBPQ",
            "ext": "./XBPQ/麦田影视.json"
        },
        {
            "key": "免费影视",
            "name": "免费｜影视",
            "type": 3,
            "api": "csp_HBPQ",
            "ext": "./XBPQ/免费影视.json"
        },
        {
            "key": "面包影视",
            "name": "面包｜影视",
            "type": 3,
            "api": "csp_HBPQ",
            "ext": "./XBPQ/面包影视.json"
        },
        {
            "key": "永乐影视",
            "name": "永乐｜影视",
            "type": 3,
            "api": "csp_HBPQ",
            "ext": "./XBPQ/永乐影视.json"
        },
        {
            "key": "雪糕影视",
            "name": "雪糕｜影视",
            "type": 3,
            "api": "csp_HBPQ",
            "ext": "./XBPQ/雪糕影视.json"
        },
        {
            "key": "骚火影视",
            "name": "骚火｜影视",
            "type": 3,
            "api": "csp_HBPQ",
            "ext": "./XBPQ/骚火影视.json"
        },
        {
            "key": "七点影视",
            "name": "七点｜影视",
            "type": 3,
            "api": "csp_HBPQ",
            "ext": "./XBPQ/七点影视.json"
        },
        {
            "key": "三九影视",
            "name": "三九｜影视",
            "type": 3,
            "api": "csp_HBPQ",
            "ext": "./XBPQ/三九影视.json"
        },
        {
            "key": "三四影视",
            "name": "三四｜影视",
            "type": 3,
            "api": "csp_HBPQ",
            "ext": "./XBPQ/三四影视.json"
        },
        {
            "key": "农民影视",
            "name": "农民｜影视",
            "type": 3,
            "api": "csp_XYQHiker",
            "searchable": 1,
            "quickSearch": 1,
            "filterable": 1,
            "ext": "./XYQHiker/农民影视.json"
        },
        {
            "key": "盒子影视",
            "name": "盒子｜影视",
            "type": 3,
            "api": "csp_XYQHiker",
            "searchable": 1,
            "quickSearch": 1,
            "filterable": 1,
            "ext": "./XYQHiker/盒子影视.json"
        },
        {
            "key": "电影牛",
            "name": "影牛｜影视",
            "type": 3,
            "api": "csp_XYQHiker",
            "searchable": 1,
            "quickSearch": 1,
            "filterable": 1,
            "ext": "./XYQHiker/电影牛.json"
        },        {
            "key": "剧圈圈",
            "name": "剧圈｜影视",
            "type": 3,
            "api": "./js/drpy2.min.js",
            "ext": "./js/剧圈圈.js"
        },
  {
            "key": "1905",
            "name": "1905｜影视",
            "type": 3,
            "api": "csp_Web1905",
            "searchable": 1,
            "quickSearch": 0,
            "filterable": 0
        },{
			"key": "hipy_js_88tvs",
			"name": "88tvs(drpy_t3)",
			"type": 3,
			"api": "./drpy/drpy2.min.js",
			"searchable": 1,
			"quickSearch": 1,
			"filterable": 1,
			"order_num": 0,
			"ext": "./js/88tvs.js"
		},{
			"key": "hipy_js_蛋蛋赞",
			"name": "蛋蛋赞(drpy_t3)1",
			"type": 3,
			"api": "./drpy/drpy2.min.js",
			"searchable": 1,
			"quickSearch": 1,
			"filterable": 1,
			"order_num": 0,
			"ext": "./js/蛋蛋赞.js"
		},
{
			"key": "hipy_js_剧迷",
			"name": "剧迷(drpy_t3)",
			"type": 3,
			"api": "./drpy/drpy2.min.js",
			"searchable": 1,
			"quickSearch": 1,
			"filterable": 1,
			"order_num": 0,
			"ext": "./js/剧迷.js"
		},{
			"key": "hipy_js_老王电影[自动]",
			"name": "老王电影[自动](drpy_t3)",
			"type": 3,
			"api": "./drpy/drpy2.min.js",
			"searchable": 1,
			"quickSearch": 1,
			"filterable": 1,
			"order_num": 0,
			"ext": "./js/老王电影[自动].js"
		},{
			"key": "hipy_js_努努影院1",
			"name": "努努影院1(drpy_t3)",
			"type": 3,
			"api": "./drpy/drpy2.min.js",
			"searchable": 1,
			"quickSearch": 1,
			"filterable": 1,
			"order_num": 0,
			"ext": "./js/努努影院1.js"
		},{
			"key": "hipy_js_天龙影院",
			"name": "天龙影院(drpy_t3)",
			"type": 3,
			"api": "./drpy/drpy2.min.js",
			"searchable": 1,
			"quickSearch": 1,
			"filterable": 1,
			"order_num": 0,
			"ext": "./js//天龙影院.js"
		},{
			"key": "hipy_js_歪片星球[资]",
			"name": "歪片星球[资](drpy_t3)",
			"type": 3,
			"api": "./drpy/drpy2.min.js",
			"searchable": 1,
			"quickSearch": 1,
			"filterable": 1,
			"order_num": 0,
			"ext": "./js/歪片星球[资].js"
		},{
			"key": "hipy_js_旋风视频",
			"name": "旋风视频(drpy_t3)",
			"type": 3,
			"api": "./drpy/drpy2.min.js",
			"searchable": 1,
			"quickSearch": 1,
			"filterable": 1,
			"order_num": 0,
			"ext": "./js/旋风视频.js"
		},{
      "key": "DiDuan",
      "name": "🔋低端┃蓝光┃外剧",
      "type": 3,
      "api": "csp_Ddys",
      "playerType": "2",
      "searchable": 1,
      "quickSearch": 1,
      "changeable": 1
    },{
      "key": "海纳影视",
      "name": "海纳｜影视",
      "type": 3,
      "api": "csp_XBPQ",
      "ext": {
    "简介": "简介：</em>&&",
    "数组": "row\">&&</div></div>",
    "分类url": "https://www.hainatv.net/index.php/vod/show/area/{area}/id/{cateId}/lang/{lang}/page/{catePg}/year/{year}.html",
    "分类": "电影$1#电视剧$2#综艺$3#动漫$4#短剧$59"
}
    },
        {
            "key": "无上资源",
            "name": "无上｜采集",
            "type": 1,
            "api": "https://mfgc.iwsyy.xyz/api.php/provide/vod/",
            "searchable": 1,
            "changeable": 1,
            "categories": [
                "电影",
                "连续剧",
                "综艺",
                "动漫",
                "纪录片",
                "少儿",
                "短剧"
            ]
        },//资源采集
{
            "key": "采集改",
            "name": "采集｜合集",
            "type": 3,
            "api": "./drpy/drpy2.min.js",
            "ext": "./js/采集之王.js?type=url&params=../js/采集.json$1$1"
        },
    {
      "key": "csp_SNzy",
      "name": "🐉┃索尼┃3k高清",
      "type": 1,
      "api": "https://suoniapi.com/api.php/provide/vod/?ac=list",
      "searchable": 1,
      "quickSearch": 1,
      "filterable": 1,
      "categories": [ "动作片", "喜剧片", "科幻片", "恐怖片", "爱情片", "剧情片", "战争片", "记录片", "国产剧", "欧美剧", "香港剧", "韩国剧", "台湾剧", "日本剧", "海外剧", "泰国剧", "国产动漫", "日韩动漫", "欧美动漫", "港台动漫", "海外动漫", "大陆综艺", "港台综艺", "日韩综艺", "欧美综艺" ]
    },
    {
            "key": "雨滴",
            "name": "雨滴｜APP",
            "type": 3,
            "quickSearch": 1,
            "api": "csp_AppGet",
            "ext": {
                "url": "https://c8w2ov7u5wg2z1o8p21c.aliyuncs.click:27899",
                "dataKey": "k9o3p2c8b7m3z0o8",
                "dataIv": "k9o3p2c8b7m3z0o8",
                "deviceId": "",
                "version": "100"
            }
        },    {
      "key": "白嫖者",
      "name": "🧿白嫖┃影视",
      "type": 3,
      "api": "csp_XBPQ",
      "ext": {
        "分类url": "https://www.qyzf88.com/qyvodshow/{cateId}-{area}-{by}-{class}-----{catePg}---{year}.html",
        "分类": "电影$1#电视剧$2#动漫$4#综艺$3",
        "副标题": "class=\"pic-texttext-right\"&&</span>",
        "简介": "️欧歌特别提醒您⚠️请勿相信影片中的广告，以免上当受骗❗+剧情介绍：&&</p>"
      }
    },     {
      "key": "csp_红狐狸影视",
      "name": "🧿狐狸┃影视",
      "type": 3,
      "api": "csp_XBPQ",
      "ext": {
        "分类url": "https://honghuli.com/leibiao/{cateId}-{area}-------{catePg}---{year}.html",
        "分类": "电影$1#电视剧$2#综艺$3#动漫$4"
      }
    },{
      "key": "大师兄",
      "name": "🧿大师兄┃影视",
      "type": 3,
      "api": "csp_XBPQ",
      "ext": {
        "分类url": "https://www.dsxysproo.com/dqvodshow/{cateId}-{area}--{class}-----{catePg}---{year}.html",
        "分类": "电视剧$2#电影$1#动漫$4#综艺$3"
      }
    },{
            "key": "鲨鱼影视",
            "name": "鲨鱼🦈",
            "type": 3,
            "api": "csp_XBPQ",
            "searchable": 1,
            "quickSearch": 1,
            "filterable": 1,
            "ext":{
    "请求头": "User-Agent$MOBILE_UA",
    "编码": "UTF-8",
    "主页url": "https://www.xagckj.com/",
    "数组": "lazyload\"&&</a>",
    "标题": "title=\"&&\"",
    "图片": "data-original=\"&&\"",
    "副标题": "🦈+right\">&&<",
    "链接": "href=\"&&\"",
    "状态": "更新：&&</p>",
    "导演": "🦈+导演：&&</p>",
    "主演": "🦈+主演：&&</p",
    "简介": "🦈公众号宝盒APP提醒您请勿相信影片中的广告👉+简介：&&</p>",
    "线路数组": "\\#playlist&&/li>",
    "线路标题": "🦈为您推荐👉+>&&<",
    "播放数组": "list sort-list clearfix&&</ul>",
    "倒序": "0",
    "播放列表": "<a&&/a>",
    "播放标题": "🦈+>&&<",
    "播放链接": "href=\"&&\"",
    "搜索模式": "1",
    "搜索url": "/search/{wd}----------{pg}---.html",
    "跳转播放链接": "var player_*\"url\":\"&&\"",
    "分类url": "/show/{cateId}-{area}-{by}-{class}-{lang}-{letter}---{catePg}---{year}.html",
    "分类": "电影$1#电视剧$2#综艺$3#动漫$4#网红短剧$33",
    "筛选": "1",
    "类型": "动作片$6#喜剧片$7#爱情片$8#科幻片$9#恐怖片$10#剧情片$11#战争片$12#动画片$24#纪录片$23||国产剧$13#香港剧$14#韩国剧$15#欧美剧$16#台湾剧$20#日本剧$21#其它剧$22||大陆综艺$25#日韩综艺$26#港台综艺$27#欧美综艺$28||国产动漫$29#日韩动漫$30#欧美动漫$31#其它动漫$32||女频恋爱$34#反转爽剧$35#古装仙侠$36#年代穿越$37#脑洞悬疑$38#现代都市$39"
}
        },
 {
            "key": "大鹅影视",
            "name": "大鹅🦕",
            "type": 3,
            "api": "csp_XBPQ",
            "searchable": 1,
            "quickSearch": 1,
            "filterable": 1,
            "ext": {
    "请求头": "User-Agent$MOBILE_UA",
    "编码": "UTF-8",
    "主页url": "https://www.pjwzz.com/",
    "数组": "lazyload\"&&</a>",
    "标题": "title=\"&&\"",
    "图片": "data-original=\"&&\"",
    "副标题": "🦈+right\">&&<",
    "链接": "href=\"&&\"",
    "状态": "更新：&&</p>",
    "导演": "🦈+导演：&&</p>",
    "主演": "🦈+主演：&&</p",
    "简介": "🦈请勿相信影片中的广告👉+简介：&&</p>",
    "线路数组": "#playlist&&/li>",
    "线路标题": "🦈为您推荐👉+>&&<",
    "播放数组": "playlist clearfix&&</ul>",
    "倒序": "0",
    "播放列表": "<a&&/a>",
    "播放标题": "🦈+>&&<",
    "播放链接": "href=\"&&\"",
    "搜索模式": "1",
    "搜索url": "/search/{wd}----------{pg}---.html",
    "跳转播放链接": "var player_*\"url\":\"&&\"",
    "分类url": "/show/{cateId}-{area}-{by}-{class}-{lang}-{letter}---{catePg}---{year}.html",
    "分类": "电影$1#电视剧$2#综艺$3#动漫$4#网红短剧$36",
    "筛选": "1",
    "类型": "动作片$6#喜剧片$7#爱情片$8#科幻片$9#恐怖片$10#剧情片$11#战争片$12#动画片$24#纪录片$23||国产剧$13#香港剧$14#韩国剧$15#欧美剧$16#台湾剧$20#日本剧$21#其它剧$22||大陆综艺$25#日韩综艺$26#港台综艺$27#欧美综艺$28||国产动漫$29#日韩动漫$30#欧美动漫$31#其它动漫$32||爽文短剧$37#女频恋爱$38#反转爽剧$39#古装仙侠$40#年代穿越$41#脑洞悬疑$42#现代都市$43"
}
        },    {
      "key": "csp_xBPQ睛天影视改",
      "name": "🎦睛天影视",
      "type": 3,
      "api": "csp_XBPQ",
      "searchable": 1,
      "quickSearch": 1,
      "filterable": 1,
      "ext": {"站名":"睛天影视","主页url":"https://www.lhysyllh.com/","简介":"<p>&&</p>","导演":"导演：&&</div>","主演":"主演：&&</div>","影片状态":"备注：&&</div>","线路数组":"<h3&&</h3>","线路标题":"+>&&",
"分类url":"https://www.lhysyllh.com/type/{area}/by/{by}/class/{class}/id/{cateId}/lang/{lang}/page/{catePg}/year/{year}.html;;ax","分类":"电影$1#电视剧$2#综艺$3#动漫$4"}
    },
    {
      "key": "人影",
      "name": "❤️人影",
      "type": 3,
      "api": "csp_XBPQ",
      "searchable": 1,
      "quickSearch": 1,
      "filterable": 1,
      "ext": {
        "影片类型": "✨网络",
        "简介": "请勿相信影片中的广告，以免上当受骗。+<div class=\"stui-pannel_bd\"&&</div>",
        "分类url": "https://www.567dyy.com/list/{cateId}/area/{area}/by/{by}/class/{class}/page/{catePg}/year/{year}.html",
        "分类": "电影$1#电视剧$2#动漫$4#综艺$3#短剧$5"
      }
    },  {
			"key": "hipy_js_4k剧院改",
			"name": "4k剧院(drpy_t3)",
			"type": 3,
			"api": "./drpy/drpy2.min.js",
			"searchable": 1,
			"quickSearch": 1,
			"filterable": 1,
			"order_num": 0,
			"ext": "./js/4k剧院.js"
		},
 {
            "key": "螃蟹影视",
            "name": "螃蟹🦀",
            "type": 3,
            "api": "csp_XBPQ",
            "searchable": 1,
            "quickSearch": 1,
            "filterable": 1,
            "ext": {
    "请求头": "User-Agent$MOBILE_UA",
    "编码": "UTF-8",
    "主页url": "https://www.xinpengdichan.com/",
    "数组": "img-pic\"&&</a>",
    "标题": "title=\"&&\"",
    "图片": "data-original=\"&&\"",
    "副标题": "🦈+right\">&&<",
    "链接": "href=\"&&\"",
    "状态": "更新：&&</p>",
    "导演": "🦈+导演：&&</p>",
    "主演": "🦈+主演：&&</p",
    "简介": "🦈请勿相信影片中的广告👉+简介：&&</p>",
    "线路数组": "gico kdm3u8&&/li>",
    "线路标题": "🦈为您推荐👉+>&&<",
    "播放数组": "play-list fade-in clearfix&&</ul>",
    "倒序": "0",
    "播放列表": "<a&&/a>",
    "播放标题": "🦈+>&&<",
    "播放链接": "href=\"&&\"",
    "搜索模式": "1",
    "搜索url": "/search/{wd}----------{pg}---.html",
    "跳转播放链接": "var player_*\"url\":\"&&\"",
    "分类url": "/show/{cateId}-{area}-{by}-{class}-{lang}-{letter}---{catePg}---{year}.html",
    "分类": "电影$1#电视剧$2#综艺$3#动漫$4#网红短剧$33",
    "筛选": "1",
    "类型": "动作片$6#喜剧片$7#爱情片$8#科幻片$9#恐怖片$10#剧情片$11#战争片$12#动画片$24#纪录片$23||国产剧$13#香港剧$14#韩国剧$15#欧美剧$16#台湾剧$20#日本剧$21#其它剧$22||大陆综艺$25#日韩综艺$26#港台综艺$27#欧美综艺$28||国产动漫$29#日韩动漫$30#欧美动漫$31#其它动漫$32||女频恋爱$34#反转爽剧$35#古装仙侠$36#年代穿越$37#脑洞悬疑$38#现代都市$39"
}
        },        {
            "key": "熊猫影视⑧",
            "name": "熊猫🐼",
            "type": 3,
            "api": "csp_XBPQ",
            "searchable": 1,
            "quickSearch": 1,
            "filterable": 1,
            "ext": {
    "请求头": "User-Agent$MOBILE_UA",
    "编码": "UTF-8",
    "主页url": "https://www.jndezhu.com/",
    "数组": "lazyload\"&&</a>",
    "标题": "title=\"&&\"",
    "图片": "data-original=\"&&\"",
    "副标题": "🦈+right\">&&<",
    "链接": "href=\"&&\"",
    "状态": "更新：&&</p>",
    "导演": "🦈+导演：&&</p>",
    "主演": "🦈+主演：&&</p",
    "简介": "🦈请勿相信影片中的广告👉+detail-sketch&&</div>",
    "线路数组": "\\#playlist&&/li>",
    "线路标题": "🦈为您推荐👉+>&&<",
    "播放数组": "playlist clearfix&&</ul>",
    "倒序": "0",
    "播放列表": "<a&&/a>",
    "播放标题": "🦈+>&&<",
    "播放链接": "href=\"&&\"",
    "搜索模式": "1",
    "搜索url": "/search/{wd}----------{pg}---.html",
    "跳转播放链接": "var player_*\"url\":\"&&\"",
    "分类url": "/show/{cateId}-{area}-{by}-{class}-{lang}-{letter}---{catePg}---{year}.html",
    "分类": "电影$1#电视剧$2#综艺$3#动漫$4#网红短剧$33",
    "筛选": "1",
    "类型": "动作片$6#喜剧片$7#爱情片$8#科幻片$9#恐怖片$10#剧情片$11#战争片$12#动画片$24#纪录片$23||国产剧$13#香港剧$14#韩国剧$15#欧美剧$16#台湾剧$20#日本剧$21#其它剧$22||大陆综艺$25#日韩综艺$26#港台综艺$27#欧美综艺$28||国产动漫$29#日韩动漫$30#欧美动漫$31#其它动漫$32||空"
}
        },
    {
      "key": "豪华资源",
      "name": "🥬┃豪华┃影视",
      "type": 1,
      "api": "https://hhzyapi.com/api.php/provide/vod/?ac=list",
      "searchable": 0,
      "quickSearch": 1,
      "categories": [ "动画片", "中国动漫", "日本动漫", "欧美动漫", "剧情片", "战争片", "动作片", "科幻片", "记录片", "爱情片", "喜剧片", "灾难片", "悬疑片", "犯罪片", "内地剧", "香港剧", "欧美剧", "韩剧", "日剧", "马泰剧", "台湾剧", "大陆综艺", "日韩综艺", "港台综艺", "欧美综艺" ]
    },

    {
      "key": "极速资源",
      "name": "极速｜采集",
      "type": 1,
      "api": "https://jszyapi.com/api.php/provide/vod/",
      "searchable": 1,
      "changeable": 1,
      "categories": [
        "日剧",
        "马泰剧",
        "内地剧",
        "欧美剧",
        "香港剧",
        "韩剧",
        "台湾剧",
        "恐怖片",
        "动画片",
        "剧情片",
        "战争片",
        "动作片",
        "记录片",
        "爱情片",
        "喜剧片",
        "科幻片",
        "灾难片",
        "悬疑片",
        "犯罪片",
        "中国动漫",
        "日本动漫",
        "欧美动漫"
      ]
    },
    {
      "key": "易看资源",
      "name": "易看资源",
      "type": 1,
      "api": "https://api.yikanapi.com/api.php/provide/vod/",
      "searchable": 1,
      "quickSearch": 1,
      "filterable": 1
    },
    {
      "key": "红牛资源",
      "name": "红牛资源",
      "type": 1,
      "api": "https://www.hongniuzy2.com/api.php/provide/vod/",
      "searchable": 1,
      "quickSearch": 1,
      "filterable": 1
    },
    {
      "key": "率率",
      "name": "💡率率┃直连",
      "type": 1,
      "api": "https://suoniapi.com/api.php/provide/vod/?ac=list",
      "searchable": 1,
      "quickSearch": 1,
      "changeable": 1,
      "categories": [ "国产剧", "韩剧", "日剧", "港剧", "台剧", "动作片", "喜剧片", "爱情片", "科幻片", "战争片", "恐怖片", "剧情片", "国产动漫", "日韩动漫", "欧美动漫", "大陆综艺", "日韩综艺" ]
    },
    {
      "key": "非凡资源",
      "name": "🎦非凡资源",
      "type": 3,
      "api": "csp_XBPQ",
      "searchable": 1,
      "quickSearch": 1,
      "filterable": 1,
      "ext": "./js/ffzy.json"
    },
    {
      "key": "量子",
      "name": "💞量子汇集",
      "type": 0,
      "api": "https://cj.lziapi.com/api.php/provide/vod/at/xml/",
      "searchable": 1,
      "changeable": 1,
      "categories": [ "国产动漫", "日韩动漫", "国产剧", "韩国剧", "日本剧", "综艺片", "动漫片", "动作片", "喜剧片", "爱情片", "科幻片", "恐怖片", "剧情片", "战争片", "台湾剧", "香港剧", "欧美剧", "记录片", "海外剧", "泰国剧", "大陆综艺", "港台综艺", "日韩综艺", "欧美综艺", "欧美动漫", "港台动漫", "海外动漫", "体育", "足球", "篮球", "网球", "斯诺克" ]
    },    {
      "key": "木耳",
      "name": "🪴木耳┃秒播",
      "type": 1,
      "api": "https://json02.heimuer.xyz/api.php/provide/vod",
      "searchable": 1,
      "filterable": 1,
      "changeable": 1,
      "timeout": 20,
      "categories": [ "剧情片", "动作片", "冒险片", "喜剧片", "奇幻片", "恐怖片", "悬疑片", "惊悚片", "灾难片", "爱情片", "犯罪片", "科幻片", "歌舞片", "战争片", "经典片", "动画电影", "网络电影", "其他片", "国产剧", "港剧", "韩剧", "日剧", "泰剧", "台剧", "欧美剧", "新马剧", "其他剧", "国产综艺", "港台综艺", "韩国综艺", "日本综艺", "欧美综艺", "新马泰综艺", "其他综艺", "古装短剧", "虐恋短剧", "逆袭短剧", "神豪短剧", "重生短剧", "复仇短剧", "穿越短剧", "甜宠短剧", "强者短剧", "欧美动漫", "日本动漫", "韩国动漫", "国产动漫", "港台动漫" ],
      "header": { "user-agent": "Mozilla/5.0 (Windows NT 10.0; Win64; x64) AppleWebKit/537.36 (KHTML, like Gecko) Chrome/125.0.0.0 Safari/537.36" }
    },
    {
      "key": "360zy",
      "name": "🎦360采集",
      "type": 1,
      "api": "https://360zy.com/api.php/provide/vod?",
      "searchable": 1,
      "changeable": 1,
      "categories": [ "动作片", "喜剧片", "爱情片", "科幻片", "恐怖片", "剧情片", "战争片", "古装片", "悬疑片", "犯罪片", "灾难片", "国产剧", "香港剧", "韩国剧", "欧美剧", "台湾剧", "日本剧", "海外剧", "泰国剧", "大陆综艺", "港台综艺", "日韩综艺", "欧美综艺", "国产动漫", "欧美动漫", "日韩动漫", "现代都市", "脑洞悬疑", "年代穿越", "古装仙侠", "女频恋爱", "成长逆袭", "反转爽剧" ]
    },
    
      
          {
      "key": "txt5",
      "name": "🖥️🖥️🖥️🖥️🖥️|网盘",
      "type": 3,
      "api": "csp_XPath",
      "searchable": 0,
      "quickSearch": 0,
      "changeable": 0
    },
     {
      "key": "alist改",
      "name": "🖥️🖥️🖥️🖥️❤️🅰AList网盘",
      "type": 3,
      "api": "csp_Alist",
      "searchable": 1,
      "quickSearch": 1,
      "filterable": 1,
      "ext": "https://d.kstore.dev/download/6330/box/lib/alist.json"
    },
        {
            "key": "小斑快映",
            "name": "快映｜4K弹幕",
            "type": 3,
            "api": "csp_PanWebShare",
            "searchable": 1,
            "quickSearch": 1,
            "filterable": 1,
            "changeable": 1,
            "ext": "./json/xbky.json"
        },
        {
            "key": "玩偶哥哥",
            "name": "玩偶｜4K弹幕",
            "type": 3,
            "api": "csp_PanWebShare",
            "searchable": 1,
            "quickSearch": 1,
            "filterable": 1,
            "ext": "./json/wogg.json"
        },
        {
            "key": "木偶",
            "name": "木偶｜4K弹幕",
            "type": 3,
            "api": "csp_PanWebShare",
            "searchable": 1,
            "quickSearch": 1,
            "filterable": 1,
            "ext": "./json/mogg.json"
        },
        {
            "key": "蜡笔",
            "name": "蜡笔｜4K弹幕",
            "type": 3,
            "api": "csp_PanWebShare",
            "searchable": 1,
            "quickSearch": 1,
            "filterable": 1,
            "changeable": 1,
            "ext": "./json/lb.json"
        },
        {
            "key": "至臻",
            "name": "至臻｜4K弹幕",
            "type": 3,
            "api": "csp_PanWebShare",
            "searchable": 1,
            "quickSearch": 1,
            "filterable": 1,
            "changeable": 1,
            "ext": "./json/zz.json"
        },
        {
            "key": "多多",
            "name": "多多｜4K弹幕",
            "type": 3,
            "api": "csp_PanWebShare",
            "searchable": 1,
            "quickSearch": 1,
            "filterable": 1,
            "changeable": 1,
            "ext": "./json/yyds.json"
        },
        {
            "key": "欧哥",
            "name": "欧哥｜4K弹幕",
            "type": 3,
            "api": "csp_PanWebShare",
            "searchable": 1,
            "quickSearch": 1,
            "filterable": 1,
            "changeable": 1,
            "ext": "./json/og.json"
        },
        {
            "key": "二小",
            "name": "二小｜4K弹幕",
            "type": 3,
            "api": "csp_PanWebShare",
            "searchable": 1,
            "quickSearch": 1,
            "filterable": 1,
            "changeable": 1,
            "ext": "./json/ex.json"
        },
        {
            "key": "虎斑",
            "name": "虎斑｜4K弹幕",
            "type": 3,
            "api": "csp_PanWebShare",
            "searchable": 1,
            "quickSearch": 1,
            "filterable": 1,
            "changeable": 1,
            "ext": "./json/hb.json"
        },
        {
            "key": "闪电",
            "name": "闪电｜4K弹幕",
            "type": 3,
            "api": "csp_PanWebShare",
            "searchable": 1,
            "quickSearch": 1,
            "filterable": 1,
            "changeable": 1,
            "ext": "./json/sd.json"
        },

        {
            "key": "团长",
            "name": "团长｜4K弹幕",
            "type": 3,
            "api": "csp_PanWebTz",
            "searchable": 1,
            "quickSearch": 1,
            "filterable": 1,
            "changeable": 1
        },
        {
            "key": "雷鲸",
            "name": "雷鲸｜4K弹幕",
            "type": 3,
            "api": "csp_PanWebShareCloudLJ",
            "searchable": 1,
            "quickSearch": 1,
            "filterable": 1,
            "changeable": 1,
            "style": {
                "type": "list",
                "ratio": 1.433
            },
            "ext": "./json/lj.json"
        },

        {
            "key": "夸父",
            "name": "夸父｜4K弹幕",
            "type": 3,
            "api": "csp_PanWebShareCloudKF",
            "searchable": 1,
            "quickSearch": 1,
            "filterable": 1,
            "changeable": 1,
            "style": {
                "type": "list",
                "ratio": 1.433
            },
            "ext": "./json/kf.json"
        },

        {
            "key": "趣盘",
            "name": "趣盘｜4K弹幕",
            "type": 3,
            "api": "csp_PanWebQu",
            "searchable": 1,
            "quickSearch": 1,
            "filterable": 1,
            "changeable": 1,
            "style": {
                "type": "list",
                "ratio": 1.433
            },
            "ext": {
                "url": "https://www.qupanshe.com"
            }
        },
        {
            "key": "盘库",
            "name": "盘库｜4K弹幕",
            "type": 3,
            "api": "csp_PanWebKuBa",
            "searchable": 1,
            "quickSearch": 1,
            "filterable": 1,
            "changeable": 1,
            "ext": {
                "url": "https://panku8.com,https://yipanso.com"
            }
        },
        {
            "key": "双星",
            "name": "双星｜4K弹幕",
            "type": 3,
            "api": "./js/drpy2.min.js",
            "ext": "./js/双星.js",
            "style": {
                "type": "list"
            }
        },
        {
            "key": "校长",
            "name": "校长｜4K弹幕",
            "type": 3,
            "api": "./js/drpy2.min.js",
            "ext": "./js/校长.js",
            "style": {
                "type": "list"
            }
        },
        {
            "key": "天堂",
            "name": "天堂｜4K弹幕",
            "type": 3,
            "api": "./js/drpy2.min.js",
            "ext": "./js/天堂.js",
            "style": {
                "type": "list"
            }
        },
        {
            "key": "人人电影网",
            "name": "人人｜4K弹幕",
            "type": 3,
            "api": "./js/drpy2.min.js",
            "ext": "./js/人人电影网.js",
            "style": {
                "type": "list"
            }
        },
        {
            "key": "糖果",
            "name": "糖果｜搜索",
            "type": 3,
            "api": "csp_TGSou",
            "searchable": 1,
            "quickSearch": 1,
            "filterable": 1
        },
        {
            "key": "音海",
            "name": "音海｜搜索",
            "type": 3,
            "api": "csp_YinHai",
            "searchable": 1,
            "quickSearch": 1,
            "filterable": 1
        },
        {
            "key": "盘搜",
            "name": "盘搜｜搜索",
            "type": 3,
            "api": "csp_PanSou",
            "searchable": 1,
            "quickSearch": 1,
            "filterable": 1
        },
        {
            "key": "百酷",
            "name": "百酷｜搜索",
            "type": 3,
            "api": "csp_Baiku"
        },
        {
            "key": "米搜",
            "name": "米搜｜搜索",
            "type": 3,
            "api": "csp_MiSou"
        },
        {
            "key": "全盘",
            "name": "全盘｜搜索",
            "type": 3,
            "api": "./js/drpy2.min.js",
            "ext": "./js/全盘.js",
            "style": {
                "type": "list"
            }
        },
        
 {
      "key": "txt3",
      "name": "👑👑👑👑👑|短剧",
      "type": 3,
      "api": "csp_XPath",
      "searchable": 0,
      "quickSearch": 0,
      "changeable": 0
    },       
{"key":"河马短剧","name":"🦛┃河马┃短剧","type":3,"api":"https://gitee.com/PizazzXS/another-d/raw/master/movie/py/HMDJ.py","searchable":1,"changeable":1,"quickSearch":1,"filterable":1,"playerType":2},
        {
            "key": "短剧合集",
            "name": "短剧｜合集",
            "type": 3,
            "api": "csp_DuanjuHJ"
        },

        {
            "key": "星芽短剧",
            "name": "星芽｜短剧",
            "type": 3,
            "api": "csp_AppXY",
            "searchable": 1,
            "quickSearch": 0,
            "filterable": 0
        },
        {
            "key": "甜圈短剧",
            "name": "甜圈｜短剧",
            "type": 3,
            "api": "./py/甜圈短剧.py",
            "searchable": 1,
            "changeable": 1,
            "quickSearch": 1,
            "filterable": 1
        },
        {
            "key": "偷乐短剧",
            "name": "偷乐｜短剧",
            "type": 3,
            "api": "./py/偷乐短剧.py",
            "searchable": 1,
            "changeable": 1,
            "quickSearch": 1,
            "filterable": 1
        },
        {
            "key": "爱看短剧",
            "name": "爱看｜短剧",
            "type": 3,
            "api": "./py/爱看短剧.py",
            "searchable": 1,
            "changeable": 1,
            "quickSearch": 1,
            "filterable": 1
        },
        {
            "key": "锦鲤短剧",
            "name": "锦鲤｜短剧",
            "type": 3,
            "api": "./py/锦鲤短剧.py",
            "searchable": 1,
            "changeable": 1,
            "quickSearch": 1,
            "filterable": 1
        },
        {
            "key": "剧王短剧",
            "name": "剧王｜短剧",
            "type": 3,
            "api": "./py/剧王短剧.py",
            "searchable": 1,
            "changeable": 1,
            "quickSearch": 1,
            "filterable": 1
        },
        {
            "key": "短剧屋",
            "name": "短剧屋｜短剧",
            "type": 3,
            "api": "csp_XYQHiker",
            "searchable": 1,
            "quickSearch": 1,
            "filterable": 1,
            "ext": "./XYQHiker/短剧屋.json"
        },


       

 
       
        
     {
      "key": "txt4",
      "name": "🍄🍄🍄🍄🍄|动漫",
      "type": 3,
      "api": "csp_XPath",
      "searchable": 0,
      "quickSearch": 0,
      "changeable": 0
    },        
          
           
            
              {
            "key": "哆啦新番社",
            "name": "哆啦｜新番社",
            "type": 3,
            "api": "csp_HBPQ",
            "style": {
                "type": "list"
            },
            "ext": "./XBPQ/哆啦新番社.json"
        },
        {
            "key": "56动漫",
            "name": "56｜动漫",
            "type": 3,
            "api": "./js/drpy2.min.js",
            "ext": "./js/56动漫.js"
        },
        {
            "key": "NT动漫",
            "name": "NT｜动漫",
            "type": 3,
            "api": "./js/drpy2.min.js",
            "ext": "./js/NT动漫.js"
        },
        {
            "key": "Anime1",
            "name": "A1｜动漫",
            "type": 3,
            "api": "./js/drpy2.min.js",
            "ext": "./js/Anime1.js"
        },
        {
            "key": "曼波动漫",
            "name": "曼波｜动漫",
            "type": 3,
            "quickSearch": 1,
            "api": "csp_AppGet",
            "ext": {
                "url": "https://app.omofun1.top",
                "dataKey": "66dc309cbeeca454",
                "dataIv": "66dc309cbeeca454",
                "deviceId": "",
                "version": ""
            }
        },
        {
            "key": "稀饭动漫",
            "name": "稀饭｜动漫",
            "type": 3,
            "quickSearch": 1,
            "api": "csp_AppGet",
            "ext": {
                "url": "",
                "site": "https://xfapp-1305390065.cos.ap-guangzhou.myqcloud.com/getapp.txt",
                "dataKey": "1yZ2Spn9krnzVKoC",
                "dataIv": "1yZ2Spn9krnzVKoC",
                "deviceId": "",
                "version": ""
            }
        },
        {
            "key": "咕咕动漫",
            "name": "咕咕｜动漫",
            "type": 3,
            "quickSearch": 1,
            "api": "csp_AppGet",
            "ext": {
                "url": "https://www.gugu3.com",
                "dataKey": "nKfZ8KX6JTNWRzTD",
                "dataIv": "nKfZ8KX6JTNWRzTD",
                "deviceId": "",
                "version": ""
            }
        },
        {
            "key": "多多动漫",
            "name": "多多｜动漫",
            "type": 3,
            "quickSearch": 1,
            "api": "csp_AppGet",
            "ext": {
                "url": "",
                "site": "https://app.cf4k.xyz/1.txt",
                "dataKey": "qqqqqqqqqqqqqqqq",
                "dataIv": "qqqqqqqqqqqqqqqq",
                "deviceId": "",
                "version": ""
            }
        },
        {
            "key": "次元动漫",
            "name": "次元｜动漫",
            "type": 3,
            "quickSearch": 1,
            "api": "csp_AppGet",
            "ext": {
                "url": "https://jjjj.nilinili.org",
                "dataKey": "672263e98f232a05",
                "dataIv": "672263e98f232a05",
                "deviceId": "",
                "version": "170"
            }
        },
        {
            "key": "派对动漫",
            "name": "派对｜动漫",
            "type": 3,
            "quickSearch": 1,
            "api": "csp_AppGet",
            "ext": {
                "url": "https://qjappcms.acg.party",
                "dataKey": "AmtMYFCJDPoTlK7z",
                "dataIv": "AmtMYFCJDPoTlK7z",
                "deviceId": "",
                "version": ""
            }
        },
        {
            "key": "樱花动漫",
            "name": "樱花｜动漫",
            "type": 3,
            "api": "csp_HBPQ",
            "ext": "./XBPQ/樱花动漫.json"
        },
        {
            "key": "巴士动漫",
            "name": "巴士｜动漫",
            "type": 3,
            "api": "csp_XYQHiker",
            "ext": "./XYQHiker/巴士动漫.json"
        },
        {
            "key": "好看动漫",
            "name": "好看｜动漫",
            "type": 3,
            "api": "./js/drpy2.min.js",
            "ext": "./js/好看动漫.js"
        },
        {
            "key": "奇米动漫",
            "name": "奇米｜动漫",
            "type": 3,
            "api": "./js/drpy2.min.js",
            "ext": "./js/奇米动漫.js"
        },
        {
            "key": "花子动漫",
            "name": "花子｜动漫",
            "type": 3,
            "api": "./js/drpy2.min.js",
            "ext": "./js/花子动漫.js"
        },
        {
            "key": "动画片",
            "name": "动画片｜动漫",
            "type": 3,
            "api": "./js/drpy2.min.js",
            "ext": "./js/动画片大全.js"
        },
        {
            "key": "路漫漫",
            "name": "路漫漫｜动漫",
            "type": 3,
            "api": "./js/drpy2.min.js",
            "ext": "./js/路漫漫.js"
        },
        {
            "key": "动漫岛",
            "name": "动漫岛｜动漫",
            "type": 3,
            "api": "./js/drpy2.min.js",
            "ext": "./js/动漫岛.js"
        },
        {
            "key": "去看吧",
            "name": "去看吧｜动漫",
            "type": 3,
            "api": "./js/drpy2.min.js",
            "ext": "./js/去看吧.js"
        },
        {
            "key": "爱弹幕",
            "name": "爱弹幕｜动漫",
            "type": 3,
            "api": "./js/drpy2.min.js",
            "ext": "./js/爱弹幕.js"
        },
        {
            "key": "异世界",
            "name": "异世界｜动漫",
            "type": 3,
            "api": "./js/drpy2.min.js",
            "ext": "./js/异世界.js"
        },
        
    {
      "key": "txt2",
      "name": "🧲🧲🧲🧲🧲|磁力",
      "type": 3,
      "api": "csp_XPath",
      "searchable": 0,
      "quickSearch": 0,
      "changeable": 0
    },        
        {
            "key": "荐片",
            "name": "荐片｜磁力",
            "api": "csp_Jianpian",
            "type": 3
        },
        {
            "key": "修罗影视",
            "name": "修罗｜磁力",
            "type": 3,
            "api": "csp_HBPQ",
            "searchable": 1,
            "quickSearch": 1,
            "filterable": 1,
            "ext": "./XBPQ/修罗影视.json"
        },

        {
            "key": "80S",
            "name": "80S｜磁力",
            "type": 3,
            "api": "csp_BLSGod",
            "playerType": 1,
            "searchable": 1,
            "quickSearch": 1,
            "filterable": 1
        },
        {
            "key": "New6v",
            "name": "New6V｜磁力",
            "type": 3,
            "api": "csp_New6v",
            "searchable": 1,
            "quickSearch": 1,
            "filterable": 1,
            "ext": "https://www.xb6v.com"
        },
        {
            "key": "美剧迷",
            "name": "美剧迷｜磁力",
            "type": 3,
            "api": "csp_MeijuMi",
            "searchable": 1,
            "quickSearch": 1,
            "filterable": 1
        },
        {
            "key": "迅雷吧",
            "name": "迅雷吧｜磁力",
            "type": 3,
            "api": "csp_Xunlei8",
            "searchable": 1,
            "quickSearch": 1,
            "filterable": 1
        },
        {
            "key": "电影港",
            "name": "电影港｜磁力",
            "type": 3,
            "api": "csp_XYQHiker",
            "searchable": 1,
            "quickSearch": 1,
            "filterable": 1,
            "ext": "./XYQHiker/电影港.json"
        },
        {
            "key": "狐狸君",
            "name": "狐狸君｜磁力",
            "type": 3,
            "api": "csp_HBPQ",
            "changeable": 1,
            "searchable": 1,
            "quickSearch": 1,
            "filterable": 1,
            "ext": "./XBPQ/狐狸君.json"
        },

        {
            "key": "Mp4电影",
            "name": "Mp4电影｜磁力",
            "type": 3,
            "api": "csp_Mp4Mov",
            "searchable": 1,
            "quickSearch": 1,
            "filterable": 1
        },
        {
            "key": "美剧天堂",
            "name": "美剧天堂｜磁力",
            "type": 3,
            "api": "csp_MeijuTT",
            "searchable": 1,
            "quickSearch": 1,
            "filterable": 1
        },
        {
            "key": "电影天堂",
            "name": "电影天堂｜磁力",
            "type": 3,
            "api": "csp_DyGod",
            "searchable": 1,
            "quickSearch": 1,
            "filterable": 1
        },
{
        "key": "txt7",
        "name": "🅱️🅱️🅱️🅱️🅱️B站系列",
        "type": 3,
        "api": "csp_XPath",
        "searchable": 0,
        "quickSearch": 0,
        "changeable": 0
      },        {
            "key": "哔哩合集",
            "name": "哔哩｜合集",
            "type": 3,
            "api": "csp_Bili",
            "searchable": 1,
            "quickSearch": 0,
            "filterable": 0,
            "changeable": 0,
            "style": {
                "type": "rect",
                "ratio": 1.433
            },
            "ext": {
                "json": "./json/哔哩合集.json",
                "cookie": "http://127.0.0.1:9978/file/TVBox/bili_cookie.txt"
            }
        },
        {
            "key": "哔哩哔哩演唱会",
            "name": "哔哩｜音乐",
            "type": 3,
            "api": "csp_Bili",
            "searchable": 0,
            "quickSearch": 0,
            "filterable": 0,
            "ext": {
                "cookie": "http://127.0.0.1:9978/file/TVBox/bili_cookie.txt",
                "json": "./json/哔哩哔哩演唱会.json"
            },
            "style": {
                "type": "rect",
                "ratio": 1.597
            }
        },
        {
            "key": "哔哩哔哩听书",
            "name": "哔哩｜听书",
            "type": 3,
            "api": "csp_Bili",
            "searchable": 0,
            "quickSearch": 0,
            "filterable": 0,
            "ext": {
                "cookie": "http://127.0.0.1:9978/file/TVBox/bili_cookie.txt",
                "json": "./json/哔哩哔哩听书.json"
            },
            "style": {
                "type": "rect",
                "ratio": 1.597
            }
        },
        {
            "key": "哔哩哔哩相声",
            "name": "哔哩｜相声",
            "type": 3,
            "api": "csp_Bili",
            "searchable": 0,
            "quickSearch": 0,
            "filterable": 0,
            "ext": {
                "cookie": "http://127.0.0.1:9978/file/TVBox/bili_cookie.txt",
                "json": "./json/哔哩哔哩相声.json"
            },
            "style": {
                "type": "rect",
                "ratio": 1.597
            }
        },
      {
        "key": "csp_XYQHiker_童趣",
        "name": "🍭童趣",
        "type": 3,
        "api": "csp_XYQHiker",
        "searchable": 0,
        "quickSearch": 1,
        "filterable": 1,
        "ext": "./js/播视童趣.json"
      },        {
            "key": "哔哩哔哩小品",
            "name": "哔哩｜小品",
            "type": 3,
            "api": "csp_Bili",
            "searchable": 0,
            "quickSearch": 0,
            "filterable": 0,
            "ext": {
                "cookie": "http://127.0.0.1:9978/file/TVBox/bili_cookie.txt",
                "json": "./json/哔哩哔哩小品.json"
            },
            "style": {
                "type": "rect",
                "ratio": 1.597
            }
        },
        {
            "key": "哔哩哔哩戏曲",
            "name": "哔哩｜戏曲",
            "type": 3,
            "api": "csp_Bili",
            "searchable": 0,
            "quickSearch": 0,
            "filterable": 0,
            "ext": {
                "cookie": "http://127.0.0.1:9978/file/TVBox/bili_cookie.txt",
                "json": "./json/哔哩哔哩戏曲.json"
            },
            "style": {
                "type": "rect",
                "ratio": 1.597
            }
        },
        {
            "key": "少儿教育",
            "name": "少儿｜教育",
            "type": 3,
            "api": "csp_Bili",
            "searchable": 0,
            "quickSearch": 0,
            "filterable": 1,
            "ext": {
                "json": "./json/少儿教育.json",
                "cookie": "http://127.0.0.1:9978/file/TVBox/bili_cookie.txt"
            },
            "style": {
                "type": "rect",
                "ratio": 1.597
            }
        },
        {
            "key": "小学课堂",
            "name": "小学｜课堂",
            "type": 3,
            "api": "csp_Bili",
            "searchable": 0,
            "quickSearch": 0,
            "filterable": 1,
            "ext": {
                "json": "./json/小学课堂.json",
                "cookie": "http://127.0.0.1:9978/file/TVBox/bili_cookie.txt"
            },
            "style": {
                "type": "rect",
                "ratio": 1.597
            }
        },
        {
            "key": "初中课堂",
            "name": "初中｜课堂",
            "type": 3,
            "api": "csp_Bili",
            "searchable": 0,
            "quickSearch": 0,
            "filterable": 1,
            "ext": {
                "json": "./json/初中课堂.json",
                "cookie": "http://127.0.0.1:9978/file/TVBox/bili_cookie.txt"
            },
            "style": {
                "type": "rect",
                "ratio": 1.597
            }
        },
        {
            "key": "高中教育",
            "name": "高中｜课堂",
            "type": 3,
            "api": "csp_Bili",
            "searchable": 0,
            "quickSearch": 0,
            "filterable": 1,
            "ext": {
                "json": "./json/高中课堂.json",
                "cookie": "http://127.0.0.1:9978/file/TVBox/bili_cookie.txt"
            },
            "style": {
                "type": "rect",
                "ratio": 1.597
            }
        },
        {
            "key": "急救教学",
            "name": "急救｜教学",
            "type": 3,
            "api": "csp_FirstAid",
            "searchable": 0,
            "quickSearch": 0,
            "changeable": 0,
            "style": {
                "type": "rect",
                "ratio": 3.8
            },
            "gridview": "0-0-4.1"
        },
        {
            "key": "养生堂",
            "name": "养生｜知识",
            "type": 3,
            "api": "csp_HBPQ",
            "ext": "./XBPQ/养生堂.json",
            "style": {
                "type": "rect",
                "ratio": 1.597
            }
        },{
        "key": "少儿",
        "name": "🅱️少儿",
        "type": 3,
        "jar": "./jar/Fan1205.jar",
        "api": "csp_Bili",
        "searchable": 0,
        "quickSearch": 0,
        "filterable": 1,
        "ext": "./js/少儿教育.json"
      },
      {
        "key": "幼儿启蒙",
        "name": "🌏幼儿启蒙",
        "type": 3,
        "jar": "./jar/Fan1205.jar",
        "api": "csp_Bili",
        "searchable": 0,
        "quickSearch": 0,
        "filterable": 1,
        "ext": "./js/幼儿启蒙.json"
      },
      {
        "key": "益智",
        "name": "🌏益智┃动画",
        "type": 3,
        "jar": "./jar/Fan1205.jar",
        "api": "csp_Bili",
        "searchable": 0,
        "quickSearch": 0,
        "filterable": 0,
        "ext": "./js/益智动画.json"
      },
      {
        "key": "幼小衔接",
        "name": "🌏幼小衔接",
        "type": 3,
        "jar": "./jar/Fan1205.jar",
        "api": "csp_Bili",
        "searchable": 0,
        "quickSearch": 0,
        "filterable": 1,
        "ext": "./js/幼小衔接.json"
      },
      {
        "key": "小灯塔",
        "name": "🌏小灯塔",
        "type": 3,
        "jar": "./jar/Fan1205.jar",
        "api": "csp_Bili",
        "searchable": 0,
        "quickSearch": 0,
        "filterable": 1,
        "ext": "./js/小灯塔百科.json"
      },
      {
        "key": "小灯塔科学",
        "name": "🌏小灯塔科学",
        "type": 3,
        "jar": "./jar/Fan1205.jar",
        "api": "csp_Bili",
        "searchable": 0,
        "quickSearch": 0,
        "filterable": 1,
        "ext": "./js/小灯塔科学.json"
      },
      {
        "key": "小灯塔地理",
        "name": "🌏小灯塔地理",
        "type": 3,
        "jar": "./jar/Fan1205.jar",
        "api": "csp_Bili",
        "searchable": 0,
        "quickSearch": 0,
        "filterable": 1,
        "ext": "./js/小灯塔地理.json"
      },
      {
        "key": "小灯塔国学",
        "name": "🌏小灯塔国学",
        "type": 3,
        "jar": "./jar/Fan1205.jar",
        "api": "csp_Bili",
        "searchable": 0,
        "quickSearch": 0,
        "filterable": 1,
        "ext": "./js/小灯塔国学.json"
      },
      {
        "key": "小灯塔人文",
        "name": "🌏小灯塔人文",
        "type": 3,
        "jar": "./jar/Fan1205.jar",
        "api": "csp_Bili",
        "searchable": 0,
        "quickSearch": 0,
        "filterable": 1,
        "ext": "./js/小灯塔人文.json"
      },
      {
        "key": "儿童拼音",
        "name": "🌏儿童拼音",
        "type": 3,
        "jar": "./jar/Fan1205.jar",
        "api": "csp_Bili",
        "searchable": 0,
        "quickSearch": 0,
        "filterable": 1,
        "ext": "./js/儿童拼音.json"
      },
      {
        "key": "儿童识字",
        "name": "🌏儿童识字",
        "type": 3,
        "jar": "./jar/Fan1205.jar",
        "api": "csp_Bili",
        "searchable": 0,
        "quickSearch": 0,
        "filterable": 1,
        "ext": "./js/儿童识字.json"
      },
      {
        "key": "儿童英语",
        "name": "🌏儿童英语",
        "type": 3,
        "jar": "./jar/Fan1205.jar",
        "api": "csp_Bili",
        "searchable": 0,
        "quickSearch": 0,
        "filterable": 1,
        "ext": "./js/儿童英语.json"
      },
      {
        "key": "儿童思维",
        "name": "🌏儿童思维",
        "type": 3,
        "jar": "./jar/Fan1205.jar",
        "api": "csp_Bili",
        "searchable": 0,
        "quickSearch": 0,
        "filterable": 1,
        "ext": "./js/儿童思维.json"
      },
      {
        "key": "儿童口才",
        "name": "🌏儿童口才",
        "type": 3,
        "jar": "./jar/Fan1205.jar",
        "api": "csp_Bili",
        "searchable": 0,
        "quickSearch": 0,
        "filterable": 1,
        "ext": "./js/儿童口才.json"
      },
      {
        "key": "儿童编程",
        "name": "🌏儿童编程",
        "type": 3,
        "jar": "./jar/Fan1205.jar",
        "api": "csp_Bili",
        "searchable": 0,
        "quickSearch": 0,
        "filterable": 1,
        "ext": "./js/儿童编程.json"
      },{
        "key": "儿童武术",
        "name": "🌏儿童武术",
        "type": 3,
        "jar": "./jar/Fan1205.jar",
        "api": "csp_Bili",
        "searchable": 0,
        "quickSearch": 0,
        "filterable": 1,
        "ext": "./js/儿童武术.json"
      },
      {
        "key": "兴趣培养",
        "name": "🌏兴趣培养",
        "type": 3,
        "jar": "./jar/Fan1205.jar",
        "api": "csp_Bili",
        "searchable": 0,
        "quickSearch": 0,
        "filterable": 1,
        "ext": "./js/兴趣培养.json"
      },
      {
        "key": "小学",
        "name": "🌏小学教育",
        "type": 3,
        "jar": "./jar/Fan1205.jar",
        "api": "csp_Bili",
        "searchable": 0,
        "quickSearch": 0,
        "filterable": 1,
        "ext": "./js/哔哩哔哩小学.json"
      },
      {
        "key": "初中",
        "name": "🌏初中教育",
        "type": 3,
        "jar": "./jar/Fan1205.jar",
        "api": "csp_Bili",
        "searchable": 0,
        "quickSearch": 0,
        "filterable": 1,
        "ext": "./js/哔哩哔哩初中.json"
      },
      {
        "key": "高中",
        "name": "🌏高中教育",
        "type": 3,
        "jar": "./jar/Fan1205.jar",
        "api": "csp_Bili",
        "searchable": 0,
        "quickSearch": 0,
        "filterable": 1,
        "ext": "./js/哔哩哔哩高中.json"
      },
      {
        "key": "ysjd",
        "name": "🅱️央视┃经典",
        "type": 3,
        "jar": "./jar/Fan1205.jar",
        "api": "csp_Bili",
        "searchable": 0,
        "quickSearch": 0,
        "filterable": 0,
        "ext": "./js/央视经典.json"
      },{
			"key": "hipy_js_央视大全[官]",
			"name": "央视大全[官](drpy_t3)",
			"type": 3,
			"api": "./drpy/drpy2.min.js",
			"searchable": 1,
			"quickSearch": 1,
			"filterable": 1,
			"order_num": 0,
			"ext": "./js/央视大全[官].js"
		},

      
        
 {
        "key": "txt6",
        "name": "🎶🎶🎶🎶�|音乐直播听书看球",
        "type": 3,
        "api": "csp_XPath",
        "searchable": 0,
        "quickSearch": 0,
        "changeable": 0
      },{"key": "drpy_js_博看听书","name": "♻️博看听书","type": 3,"searchable": 1, "quickSearch": 1, "filterable": 1, "changeable": 1,"api": "https://jihulab.com/yydfys/yydf/-/raw/main/yydf/lib/drpy2.min.js","ext": "https://jihulab.com/yydfys/yydf/-/raw/main/yydf/lib/博看听书.js"},{
			"key": "hipy_js_有声听书[听]",
			"name": "有声听书[听](drpy_t3)",
			"type": 3,
			"api": "./js/drpy2.min.js",
			"searchable": 1,
			"quickSearch": 1,
			"filterable": 1,
			"order_num": 0,
			"ext": "./js/有声听书网[听].js"
		},{
			"key": "hipy_js_275听书[听]",
			"name": "275听书[听](drpy_t3)",
			"type": 3,
			"api": "./js/drpy2.min.js",
			"searchable": 1,
			"quickSearch": 1,
			"filterable": 1,
			"order_num": 0,
			"ext": "./js/i275听书[听].js"
		},      
  {
			"key": "hipy_js_酷我听书[听]",
			"name": "酷我听书[听](drpy_t3)",
			"type": 3,
			"api": "./js/drpy2.min.js",
			"searchable": 1,
			"quickSearch": 1,
			"filterable": 1,
			"order_num": 0,
			"ext": "./js/酷我听书[听].js"
		},{
			"key": "hipy_js_海洋听书[听]",
			"name": "海洋听书[听](drpy_t3)",
			"type": 3,
			"api": "./js/drpy2.min.js",
			"searchable": 1,
			"quickSearch": 1,
			"filterable": 1,
			"order_num": 0,
			"ext": "./js/海洋听书[听].js"
		},{
			"key": "hipy_js_爱上你听书网[听]",
			"name": "爱上你听书网[听](drpy_t3)",
			"type": 3,
			"api": "./js/drpy2.min.js",
			"searchable": 1,
			"quickSearch": 1,
			"filterable": 1,
			"order_num": 0,
			"ext": "./js/爱上你听书网[听].js"
		},
    {
			"key": "博看听书[听]",
			"name": "博看听书[听](drpy_t3)",
			"type": 3,
			"api": "./js/drpy2.min.js",
			"searchable": 1,
			"quickSearch": 1,
			"filterable": 1,
			"order_num": 0,
			"ext": "./js/博看听书[听].js"
		}, {
        "key": "csp_XYQHiker_兔小贝",
        "name": "🐰兔小贝",
        "type": 3,
        "api": "csp_XYQHiker",
        "searchable": 0,
        "quickSearch": 1,
        "filterable": 1,
        "ext": "./js/兔小贝.json"
      },
      {
        "key": "csp_XYQHiker_兔小贝2",
        "name": "🐰兔小贝 2",
        "type": 3,
        "api": "csp_XYQHiker",
        "searchable": 0,
        "quickSearch": 1,
        "filterable": 1,
        "ext": "./js/兔小贝2.json"
      },

        
      {
        "key": "酷狗",
        "name": "🐾┃酷狗┃音乐",
        "type": 3,"jar": "./jar/Fei8.jar",
        "api": "csp_Kugou",
        "playerType": 2,
        "ext": {
          "classes": [
            {
              "type_name": "酷狗",
              "type_id": "kugou"
            }
          ]
        }
      },




              
  {
        "key": "看球",
        "name": "⚾┃看球┃直播",
        "type": 3,
        "api": "csp_Kanqiu",
        "searchable": 1,
        "quickSearch": 1,
        "changeable": 0,
        "gridview": 3,
        "style": {
          "type": "list"
        }
      },
        {
            "key": "88看球",
            "name": "88｜看球",
            "type": 3,
            "api": "csp_Kanqiu",
            "gridview": 3,
            "style": {
                "type": "list"
            }
        },      
      {
        "key": "310js",
        "name": "⚽ 310┃看球",
        "type": 3,
        "api": "https://gitlab.com/fantaiying/ext/-/raw/main/drpy2.min.js",
        "ext": "https://gitlab.com/fantaiying/ext/-/raw/main/310直播.js",
        "style": {
          "type": "list"
        }
      },
      {
        "key": "企鹅xp",
        "name": "🐧企鹅体育",
        "type": 3,
        "jar": "./jar/Fan1205.jar",
        "api": "csp_XPath",
        "style": { "type": "list" },
        "searchable": 0,
        "quickSearch": 0,
        "changeable": 0,
        "ext": "./js/企鹅体育.json"
      },
      {
        "key": "光速资源",
        "name": "🏀光速体育",
        "type": 1,
        "api": "https://api.guangsuapi.com/api.php/provide/vod/",
        "categories": [ "体育赛事" ],
        "searchable": 0,
        "quickSearch": 1
      },
      {
        "key": "红牛资源",
        "name": "🏀红牛体育",
        "type": 1,
        "api": "https://www.hongniuzy2.com/api.php/provide/vod/",
        "categories": [ "体育赛事" ],
        "searchable": 1,
        "quickSearch": 1
      },
 //直播

      {
        "key": "虎牙直播js",
        "name": "🐯虎牙┃直播",
        "type": 3,
        "api": "https://fs-im-kefu.7moor-fs1.com/ly/4d2c3f00-7d4c-11e5-af15-41bf63ae4ea0/1720319529030/drpy2.min.txt?file=drpy2.min.js",
        "ext": "https://fs-im-kefu.7moor-fs1.com/ly/4d2c3f00-7d4c-11e5-af15-41bf63ae4ea0/1720580963200/huyazhibo.txt",
        "style": {
          "type": "rect",
          "ratio": 1.755
        },
        "searchable": 0,
        "quickSearch": 0,
        "changeable": 0,
        "timeout": 10
      },
      {
        "key": "斗鱼js",
        "name": "🐟┃斗鱼┃直播",
        "type": 3,
        "api": "https://gitlab.com/fantaiying/ext/-/raw/main/drpy2.min.js",
        "searchable": 0,
        "quickSearch": 0,
        "playerType": 1,
        "ext": "https://gitlab.com/fantaiying/ext/-/raw/main/斗鱼直播.js"
      },
        {
            "key": "网络直播",
            "name": "网络｜直播",
            "type": 3,
            "api": "./py/网络直播.py"
        },
        {
            "key": "哔哩直播",
            "name": "哔哩｜直播",
            "type": 3,
            "api": "./py/哔哩直播.py"
        },

{
      "key": "影视更新",
      "name": "空壳更新🚀",
      "type": 3,
      "api": "csp_Market",
      "searchable": 0,
      "changeable": 0,
      "ext": "./json/appupdate.json"
    },      
        
        {
            "key": "版本信息p",
            "name": "版本｜信息p",
            "type": 3,
            "api": "csp_Market",
            "searchable": 0,
            "changeable": 0,
            "indexs": 0,
            "ext": "https://pastebin.com/raw/0d5d1M5C"
        },{
            "key": "版本信息g",
            "name": "版本｜信息git",
            "type": 3,
            "api": "csp_Market",
            "searchable": 0,
            "changeable": 0,
            "indexs": 0,
            "ext": "https://gh-proxy.com/raw.githubusercontent.com/canxueguhong/app/refs/heads/main/update.json"
        },
{
            "key": "版本信息",
            "name": "版本｜信息",
            "type": 3,
            "api": "csp_Market",
            "searchable": 0,
            "changeable": 0,
            "indexs": 0,
            "ext": "https://d.kstore.dev/download/6330/local/%E6%9C%AC%E5%9C%B0.json"
        }
    ],
    "parses": [
        {
            "name": "无上",
            "type": "1",
            "url": "https://mfjx.iwsyy.xyz/?url=",
            "ext": {
                "flag": [
                    "qq",
                    "腾讯",
                    "qiyi",
                    "爱奇艺",
                    "奇艺",
                    "youku",
                    "优酷",
                    "sohu",
                    "搜狐",
                    "letv",
                    "乐视",
                    "mgtv",
                    "芒果",
                    "tnmb",
                    "seven",
                    "bilibili",
                    "1905"
                ],
                "header": {
                    "User-Agent": "okhttp/4.9.1"
                }
            }
        },
        {
            "name": "巧计",
            "type": 1,
            "url": "https://zy.qiaoji8.com/xiafan.php?url=",
            "ext": {
                "flag": [
                    "QD4K",
                    "iyf",
                    "duanju",
                    "gzcj",
                    "GTV",
                    "GZYS",
                    "weggz",
                    "Ace"
                ],
                "header": {
                    "User-Agent": "okhttp/4.9.1"
                }
            }
        },
        {
            "name": "咸鱼",
            "type": 0,
            "url": "https://jx.xymp4.cc/?url=",
            "ext": {
                "header": {
                    "user-agent": "Mozilla/5.0 (X11; Linux x86_64) AppleWebKit/537.36 (KHTML, like Gecko) Chrome/134.0.0.0 Safari/537.36 Edg/134.0.3124.68"
                }
            }
        },
        {
            "name": "虾米",
            "type": 0,
            "url": "https://jx.xmflv.com/?url=",
            "ext": {
                "header": {
                    "user-agent": "Mozilla/5.0 (Windows NT 10.0; Win64; x64) AppleWebKit/537.36 (KHTML, like Gecko) Chrome/110.0.0.0 Safari/537.36 Edg/110.0.1587.57"
                }
            }
        },
        {
            "name": "淘片",
            "type": 0,
            "url": "https://jx.yparse.com/index.php?url=",
            "ext": {
                "header": {
                    "user-agent": "Mozilla/5.0 (Linux; Android 13; V2049A Build/TP1A.220624.014; wv) AppleWebKit/537.36 (KHTML, like Gecko) Version/4.0 Chrome/116.0.0.0 Mobile Safari/537.36"
                }
            }
        },
        {
            "name": "冰豆",
            "type": 0,
            "url": "https://bd.jx.cn/?url=",
            "ext": {
                "header": {
                    "user-agent": "Mozilla/5.0 (Linux; Android 13; V2049A Build/TP1A.220624.014; wv) AppleWebKit/537.36 (KHTML, like Gecko) Version/4.0 Chrome/116.0.0.0 Mobile Safari/537.36"
                }
            }
        },
        {
            "name": "七七",
            "type": 0,
            "url": "https://jx.77flv.cc/?url=",
            "ext": {
                "header": {
                    "user-agent": "Mozilla/5.0 (Linux; Android 13; V2049A Build/TP1A.220624.014; wv) AppleWebKit/537.36 (KHTML, like Gecko) Version/4.0 Chrome/116.0.0.0 Mobile Safari/537.36"
                }
            }
        },
        {
            "name": "盘古",
            "type": 0,
            "url": "https://www.playm3u8.cn/jiexi.php?url=",
            "ext": {
                "header": {
                    "user-agent": "Mozilla/5.0 (Linux; Android 13; V2049A Build/TP1A.220624.014; wv) AppleWebKit/537.36 (KHTML, like Gecko) Version/4.0 Chrome/116.0.0.0 Mobile Safari/537.36"
                }
            }
        },
        {
            "name": "夜幕",
            "type": 0,
            "url": "https://yemu.xyz/?url=",
            "ext": {
                "header": {
                    "user-agent": "Mozilla/5.0 (Linux; Android 13; V2049A Build/TP1A.220624.014; wv) AppleWebKit/537.36 (KHTML, like Gecko) Version/4.0 Chrome/116.0.0.0 Mobile Safari/537.36"
                }
            }
        }
    ],
    "rules": [
        {
            "name": "农民",
            "hosts": [
                "toutiaovod.com"
            ],
            "regex": [
                "video/tos/cn"
            ]
        },
        {
            "name": "火山",
            "hosts": [
                "huoshan.com"
            ],
            "regex": [
                "item_id="
            ]
        },
        {
            "name": "抖音",
            "hosts": [
                "douyin.com"
            ],
            "regex": [
                "is_play_url="
            ]
        },
        {
            "name": "饭团点击",
            "hosts": [
                "dadagui",
                "freeok",
                "dadagui"
            ],
            "script": [
                "document.querySelector(\"#playleft iframe\").contentWindow.document.querySelector(\"#start\").click();"
            ]
        },
        {
            "name": "毛驴点击",
            "hosts": [
                "www.maolvys.com"
            ],
            "script": [
                "document.getElementsByClassName('swal-button swal-button--confirm')[0].click()"
            ]
        },
        {
            "name": "ofiii",
            "hosts": [
                "www.ofiii.com"
            ],
            "script": [
                "const play=document.getElementsByClassName('play_icon')[0],event=new MouseEvent('click',{bubbles:!0,cancelable:!0,view:window,screenX:100,screenY:100,clientX:50,clientY:50,button:0,shiftKey:!1,ctrlKey:!1,altKey:!1,metaKey:!1,modifierState:0});play.dispatchEvent(event);"
            ]
        }
    ],
    "doh": [
        {
            "name": "Google",
            "url": "https://dns.google/dns-query",
            "ips": [
                "8.8.4.4",
                "8.8.8.8"
            ]
        },
        {
            "name": "Cloudflare",
            "url": "https://cloudflare-dns.com/dns-query",
            "ips": [
                "1.1.1.1",
                "1.0.0.1",
                "2606:4700:4700::1111",
                "2606:4700:4700::1001"
            ]
        },
        {
            "name": "AdGuard",
            "url": "https://dns.adguard.com/dns-query",
            "ips": [
                "94.140.14.140",
                "94.140.14.141"
            ]
        },
        {
            "name": "DNSWatch",
            "url": "https://resolver2.dns.watch/dns-query",
            "ips": [
                "84.200.69.80",
                "84.200.70.40"
            ]
        },
        {
            "name": "Quad9",
            "url": "https://dns.quad9.net/dns-quer",
            "ips": [
                "9.9.9.9",
                "149.112.112.112"
            ]
        }
    ],
    "lives": [{
      "name": "自用",
      "type": 0,
      "playerType": 1,
      "url": "https://6330.kstore.space/box/Zbv4.txt",
      "ua": "Mozilla/5.0 (Linux; Android 13; V2049A Build/TP1A.220624.014; wv) AppleWebKit/537.36 (KHTML, like Gecko) Version/4.0 Chrome/116.0.0.0 Mobile Safari/537.36",
      "epg": "http://epg.112114.xyz/?ch={name}&date={date}",
      "logo": "https://diyp10.112114.xyz/logo/{name}.png"
    },{"name":"fei","type":0,"playerType":1,"url":"https://6296.kstore.vip/25.txt","epg":"http://epg.112114.xyz/?ch={name}&date={date}","logo":"https://epg.112114.xyz/logo/{name}.png"}],
    "hosts": [
        "cache.ott.*.itv.cmvideo.cn=base-v4-free-mghy.e.cdn.chinamobile.com",
        "cache.ott.ystenlive.itv.cmvideo.cn=base-v4-free-mghy.e.cdn.chinamobile.com",
        "cache.ott.bestlive.itv.cmvideo.cn=base-v4-free-mghy.e.cdn.chinamobile.com",
        "cache.ott.wasulive.itv.cmvideo.cn=base-v4-free-mghy.e.cdn.chinamobile.com",
        "cache.ott.fifalive.itv.cmvideo.cn=base-v4-free-mghy.e.cdn.chinamobile.com",
        "cache.ott.hnbblive.itv.cmvideo.cn=base-v4-free-mghy.e.cdn.chinamobile.com"
    ],
    "flags": [
        "youku",
        "优酷",
        "优 酷",
        "优酷视频",
        "qq",
        "腾讯",
        "腾 讯",
        "腾讯视频",
        "iqiyi",
        "qiyi",
        "奇艺",
        "爱奇艺",
        "爱 奇 艺",
        "m1905",
        "xigua",
        "letv",
        "leshi",
        "乐视",
        "乐 视",
        "sohu",
        "搜狐",
        "搜 狐",
        "搜狐视频",
        "tudou",
        "pptv",
        "mgtv",
        "芒果",
        "imgo",
        "芒果TV",
        "芒 果 T V",
        "bilibili",
        "哔 哩",
        "哔 哩 哔 哩"
    ],
    "ijk": [
        {
            "group": "软解码",
            "options": [
                {
                    "category": 4,
                    "name": "opensles",
                    "value": "0"
                },
                {
                    "category": 4,
                    "name": "overlay-format",
                    "value": "842225234"
                },
                {
                    "category": 4,
                    "name": "framedrop",
                    "value": "1"
                },
                {
                    "category": 4,
                    "name": "soundtouch",
                    "value": "1"
                },
                {
                    "category": 4,
                    "name": "start-on-prepared",
                    "value": "1"
                },
                {
                    "category": 1,
                    "name": "http-detect-range-support",
                    "value": "0"
                },
                {
                    "category": 1,
                    "name": "fflags",
                    "value": "fastseek"
                },
                {
                    "category": 2,
                    "name": "skip_loop_filter",
                    "value": "48"
                },
                {
                    "category": 4,
                    "name": "reconnect",
                    "value": "1"
                },
                {
                    "category": 4,
                    "name": "enable-accurate-seek",
                    "value": "0"
                },
                {
                    "category": 4,
                    "name": "mediacodec",
                    "value": "0"
                },
                {
                    "category": 4,
                    "name": "mediacodec-auto-rotate",
                    "value": "0"
                },
                {
                    "category": 4,
                    "name": "mediacodec-handle-resolution-change",
                    "value": "0"
                },
                {
                    "category": 4,
                    "name": "mediacodec-hevc",
                    "value": "0"
                },
                {
                    "category": 1,
                    "name": "dns_cache_timeout",
                    "value": "600000000"
                }
            ]
        },
        {
            "group": "硬解码",
            "options": [
                {
                    "category": 4,
                    "name": "opensles",
                    "value": "0"
                },
                {
                    "category": 4,
                    "name": "overlay-format",
                    "value": "842225234"
                },
                {
                    "category": 4,
                    "name": "framedrop",
                    "value": "1"
                },
                {
                    "category": 4,
                    "name": "soundtouch",
                    "value": "1"
                },
                {
                    "category": 4,
                    "name": "start-on-prepared",
                    "value": "1"
                },
                {
                    "category": 1,
                    "name": "http-detect-range-support",
                    "value": "0"
                },
                {
                    "category": 1,
                    "name": "fflags",
                    "value": "fastseek"
                },
                {
                    "category": 2,
                    "name": "skip_loop_filter",
                    "value": "48"
                },
                {
                    "category": 4,
                    "name": "reconnect",
                    "value": "1"
                },
                {
                    "category": 4,
                    "name": "enable-accurate-seek",
                    "value": "0"
                },
                {
                    "category": 4,
                    "name": "mediacodec",
                    "value": "1"
                },
                {
                    "category": 4,
                    "name": "mediacodec-auto-rotate",
                    "value": "1"
                },
                {
                    "category": 4,
                    "name": "mediacodec-handle-resolution-change",
                    "value": "1"
                },
                {
                    "category": 4,
                    "name": "mediacodec-hevc",
                    "value": "1"
                },
                {
                    "category": 1,
                    "name": "dns_cache_timeout",
                    "value": "600000000"
                }
            ]
        }
    ],
    "ads": [
        "static-mozai.4gtv.tv"
    ]
}